یزدی, فارسی
آب چَلَقون, آب چکان
اَتفاری, اطواری
اَتکَلَی, بی هدف - الکی
اَخُّوَه, دهن درّه
اَرده شیره, دانه کنجد
اِسبُل, طحال
آس و پاس, لات آسمان جل
اِسَّخ, استخر
آش و لاش, تیکه پاره – درهم کوفته
اِشتی, دوک دستی ریسندگی پشم
اِشتی مِرِش, با دوک دستی پشم می ریسید
اَصِّش, اصلاً
اِقَّدَه, این قدر
اِقَّه, این قدر
آکی, آی فلانی
آکیُک, آی فِلانک
اَلّادگی, عمداً
اَلَم غِرغِر, رنگ و وارنگ نامتجانس و نامناسب
اِمبار, این دفعه
اَنگوش, انگشت
اُوَتَر, آن طرف تر
اوَتَّرُک, کمی آن طرف تر
اَودَردَه, آبسه در قبال درد در موضع دیگر
اوُر, فاسد و تند شده
اَوزیپو, آب بی رمق
اوضا, اوضاع
او کِردَه, خیسانده خشکبار
اوگوش, آبگوشت
اولَه, آبله
اومبار, آن دفعه
ایَچون, این چنین
ایرا اورا, این طرف و آن طرف
بائو, بازو
بِجُم, بِجُنب
تو بَحرش رفتم, به دقت در او نگریستم
بَرگاه, راه ورود آب به کرت
را اوبُرده, کنایه از مهار گسیختگی
بائو, بازو
بِجُم, بِجُنب
تو بَحرش رفتم, به دقت در او نگریستم
بَرگاه, راه ورود آب به کرت
را اوبُرده, کنایه از مهار گسیختگی
بُز میچکُک, بُز مَچَّه با کاف تصغیر
بَسِد شَم, از من سیر شوی
بَشن, اطراف
بُلَن, بلند
بُل و سُندُله, ساده لوح
بِلَّن, بگذارند
بُمِ طبع, باب طبع
بَن, آویزان
بُنگ, بانگ و صدا
بیجّه, شاخه سرزده از پای درخت، کنایه از بچه کوچک
بیخ, ریشه
بیزار, بگذار
بی دَسواره, بی دست و پا – بی هنر
بودوُنک, شپش ریز و کوچک
بونَبَرَن, سوء ظن نبرند
بیدپو, گرد قهوه ای رنگ حاصله از ساییدن چوب های پوک داخل درخت بید کهنسال که برای پاشیدن موضع متورم و سرخ به کار می رود
پاشَخ کِردَن, بر سرعت پاها افزودن
پاتوَّه, پاتابه – پاپیچ
پاکی, آلت کارد مانند از ابزار قالیبافی
پِت پِت, صحبت آهسته – پچ پچ
پَخَل, آشغال و جنس نامرغوب
پَخمَه, کُند –  بی تِحرکّ
پَروم نَمِدَن, زیر بال مرا نمی گیرند
پوز, لب و دهان حیوان
پَس وارون, وارونه
پَسّا, وضع معیشت خوب. پَسایی داشتن کنایه از پس انداز داشتن
پَسَکی, معکوس
پَسَل, مترادف پُشت کنایه از گوشه و کنار
پَک و پوز, پوزه و صورت به صورت تحقیر
پیسی, نداری و فقر و دست تنگی
پَسین, ساعات میانگین زمان بین ظهر و شام
پس وارون, وارون
پَسوغَن, پس انداز
پشت و پَسَل, دور از چشم و دید اطرافیان
پیَر, پدر
پیک آجین, نِشکون گرفتن مکرّر
پیناس, بی دستواره و بیکاره
پَسّو, مایع کم مزّه و رقیق
پیک, نشکون
تاخچه بالا هِشتَه, دست بالا را گرفته است
تارت شد, به هر سو پراکنده شد
تَبّافی, طوّافی – سبزی فروشی
تَپَله, روی هم انباشتن
تپو, تاپو – خُمره گِلی
تَپیک, خاک نرم سست که باندک نسیمی به هوا بلند می شود
ترپسّی, صدای زدن کف دست به دهان اگر صدا شدیدتر باشد اصطلاح شرپسی به کار می رود
ترناسک, سِسک – نوعی گنجشک
تِرِتاقی, سبک سر با حرکات جِلف
تَردَه, موریانه
تَس, سیلی با سر انگشتان و اصطلاح شاتَس به سیلی تمام ضربه با همه کف دست اطلاق می شود.
تَل و مَل, گوشت آلود و چاق
تَلواسَه, هیجان زده شده – تقلّا و دست و پا زدن مریض تب دار
تَلَبَسّی, صدای افتادن شیء در گل و لا
تلمبار, تل – انبار= روی هم انباشتن
تُمبَک, دُنبَک (آلت ضرب)
تَک, تَه
تَک کُل, ته پوست میوه جات
تو, داخل
توس زده, کپک زده
توبره بالا انداختن, لفظ تحقیرآمیز کنایه از منفی جواب دادن است
تولا, پوست و آشغال گوشت
توموس, تموز- هوای گرم و داغ
تنگ و ترش, تنگ و کوچک تر از اندازه
تَنوره, منبع آب عمیق آسیاب آبی که در آن جا برای شناکردن چند نفر نیست ولی عمق آب زیاد است.
تُن, تند
تیماج, پوست دباغی شده
تیروترکون, آبله مرغان
تیغه, دیواره نازنک و حایل
تیارت, تأتر – مسخره
تیفون, طوفان
تَو, تاب – پیچ
تِرِک تِرِک کردن, ضربه های آهسته به چیزی زدن
جارونِشکُک, جاروی سائیده شده
جانماز آب کشیدن, کنایه از تظاهر به عفّت و پاکدامنی و درست کاری
جِر خوردن, پاره شدن پارچه- از کوره در رفتن ناگهانی
جِر زَدَن, از قاعده و قانون سرپیچی کردن - نارو زدن
جُرهُر, نام محله ای در یزد که در جنب آن گورستان عمومی به همین نام قرار داشت صحیح آن جوی هُرهُر است و آن نام پایابی است که در آن محلّه به صورت سراشیب بوده و پله نداشت.
جَعدَه, جاده
جُف, جفت
جُل, پارچه – پارچه ی کُهنه
جُل بندی, دستمال بسته محتوی لوازم (جُل بسته)
جَلدی, به سرعت و چابکی
جوده, جوی آب
جُمُلی, دوقلو
چاهی, چای
چاق و چماق کردن, سر و وضع خود را آراستن
چخریسُک, جیرجیرک سبز درخت
چَغَل, سفت و محکم
چَغماله, دست و پنجه – سلیقه
چُفت, چفت – کلون
چُلُفته, کلاف سر در گُم – دَرهَم
چَنبَل, چَنبَر
چوری, جوجه
چولی, قوزی و کج و کوله
چوغور, گنجشک
حَیلَه, حجله
خَش, خوش – خوب
خَشُم شد, باعث خوش حالی من شد
خط دور اسمش, صرف نظر کردن از کسی یا چیزی
خَف کردن, در کمین نشستن
خیک, شکم – مشک
خُو, که
خوار – خار, زشت و بدترکیب و بدقواره
خوش چغماله, خوش دست و پنجه
خونه بُنجَه, خانه و مجموع لوازم در آن
خیارشِنگ, خیار چَنبَر
دَدَر, بیرون رفتَن
دِرَخ, درخت
دَروبَس, کنایه از قفل و کلون و عامل به هم بستن در
دَس, دست
دس بِقدّاره, دست به اسلحه بردن و مصمّم برای کاری شدن
دَرِش بِذا, دَرِ آن را بگذار – بس کن
دَرشتی, بیرون گذاشتی
دَرِ مِشکا خیسَوندن, دهانه مشک آب را که به هم بسته و خشک شده به ملایمت می خیسانند تا باز شود کنایه از مقدّمه چینی با تدبیر و احتیاط برای کاری
دَرغَسّی(دَرغی), صدای شکستن چوب خشک و اگر صدا کمتر باشد می گویند دَرغی
دمَبسّیَ, صدای بم افتادن چیزی بزرگ در آب
دَم, نزدیک و حرارت و لَبَه
دومات, داماد
دونه دَر رِخ, دانه بیرون ریخت
دولَخ, گرد و خاک توأم با طوفان و باد
دیه, دیگر
را, راه
رِب, مارمولک
رَدّ, در پی و دنبال
رو شد, راه افتاد
رَعف, رفع
رَف, رفت
زردنبو, چهره زرد و متورم
زیجیمه, زیرجامه
زیر و رویی, اسهالی شدن
زنجبیل, زَنجبیر
سآر, بی نمک و بی مزه
سَرو, سرآب (مایع پرمزه)
سر و زینت, زینت آلات
سَرت, سرد
سَرُک کشیدن, دزدانه نگریستن
سَرُم نَمِدن, من را رها نمی کنند
سِغِشت, شن – ماسه – سنگ ریزه
سِف, سفت و محکم و استوار
سَلَندَر, سرگردان
سو بودون, سبودان – جای سبو
سولاخی, سوراخی – گوشه گیر
سه گرنج, ناحیه بین ابروها
شَخ, سفت و محکم
شخ شُل, به افرادی اطلاق می شود که در راه رفتن تعادل ندارند
شَرپَسیّ, صدای نواختن سیلی جانانه
شلخته, بی انضباط
شُلُفته, شل اُفتد
شَملَق, شمع لق – نااستوار – کج و کوله
شوُم, شام – غذای شب
شیوهَ, سرازیر شدن
صَفیل, معطّل و منتظر
صاف و راس, یکرنگ و بی ریا
عَراز, هول کردن
جوش تو عرازم دوید, هول کردم و دستپاچه شدم
غِرت و غورت رفتن, پز دادن و به دروغ خود را بزرگ جلوه دادن
غُرُک, زنگوله ی کوچک
فِرز, زرنگ و چابک
ففارّه, فوّاره
فلون و بیسار, فلان و بهمان
قاش, قاچ
قُپَّه, سبدهای بافته شده از شاخه های نازک درخت انار
قفونداری, قپانداری
قَن, قند
قناس, کج و معوج
کُدُمبه, جمجمه
کَتک, ساس
کُچه پاره, دهان دریده
کشک مالیدن, کشک ساییدن
کَشَم, دامن من
کَشه, دامن
کُل بَستَن, کَبَره بستن زخم – پوست بستن
کُماشتون, کماج دان
کِمخا, نوعی پارچه ی ابریشمی
کُن, کُند
کِنِفت, آبرو ریخته – شرمنده
کودو, کدو
گُرسُم, کلثوم
گِرِنج, گره
گَمبار, گهن بار – نام عید و مراسم خیرات برای مردگان در دین زرتشتیی
گورمحله, محله زرتشتی ها
گیپیلی, پهن و کوتاه و چاق
لَرد, بارانداز و محل فروش عمده کالا
لُرک, خشکبار که در مراسم گمبار و خیرات زرتشتیان خیرات می شود
مازاری, حناسابی
ماسوره فروش, دست فروشی ماسوره که کنایه از کار بی قدر و منزلت است
مُدبِر, حلقه ی آهنی طوق مانند حدّ فاصل گردن بند و افسار گوسفند
مزرا, مزرعه
مالیده, عملی نیست – ملغی
مَهرَه, انگور دانه درشت که برای سرکه مصرف می شود
مَهرِ آبله, جای آبله – لکّه ی جای آبله
میرچَماع, امیر چخماق
ناخشی, ویار حاملگی
نالاج, لاعلاج
نخشه, نقشه
نشک, نوک – منقار
نِفله, معدوم
نَمِسُّوِد, نمی سایید
نَمِلَّم, نمی گذارم
نیش, دهان گزندگان کنایه از دهان است
نیم چاشت, قبل از ظهر
نودا, ناودان
وارِخ, پایان پذیرفت
وَر, بَر
وَرجِس, بَرجِست
ولات, ولایت
وِلنگاری, بی کار گشتن
وِلو شد, رها شد
هادِر, مواظب بودن – پاییدن
هَمِشته, بی دست واره – دست روی دست گذاشته
هِشتی, گذاشتی
هُتُلَه, هُل دادن
هُوّوَن, هاون
هُوَوسِّی, صدای آوار و خراب شدن عمارت
هِی و هِّی, مرتب و پشت سر هم
یَتا, یکتا
یخیده, یک خورده – قدری
یَهّو, یک دفعه ناگهان
یَشِّی, یک شاهی
یُغُر, درشت استخوان
یُغُرمُچ, درشت استخوان با مچ قوی
من تو چوپونی، هِرّ را از بِرّ تشخیص نَمِدادَم., من موقع چوپانی  هر را از بر تشخیص نمی دادم
هنوهن نمی‌دونَم کودونِش برا رفتنِ گوسفنداهَتُ و کودونش مالِ اومدَنِشون., هنوز هم نمی دانم کدامش برای رفتن گوسفندهاست و کدوم برای امدنشان
امَّا شیر دوشیدن و جوشوندن و خوردنِشا بلد بودم., ولی شیر دوشیدن و جوشاندن و خوردن ان را بلد بودم.
شیرِ گُون بلد بودم ولی چون طاقتی نداشتم و دسسام درد میمد، نمیدوشیدم., شیر گاومون را بلد بودم بدوشم اما چون طافت نداشتم و دستهایم درد می‌گرفت نمیدوشیدم
خیلی سال پیش، هَدِ اورَسَکی درِگوهون، از میونِ درختُکای گز، گوسفندارا بردِم کنارِ شاه نِشین؛ پایین شُرِنگا., خیلی سال پیش، سمت دره گاهان از بین درختای گز گوسفندها را بردیم کنار شاه نشین پایین ابشار
اوروزا، درِگوهون جاده نداشت و خاطیری همین، آت و آشغالن دیده نَمِشُد., آن روزها، درگاهان جاده نداشت و به همین خاطر زباله ها دیده نمی‌شدند.
حالا تا کنار قله ی کوه جاده در مُکُنن و مِگَن، مردم فرهنگ ندارن و با ماشین، محیط زیستا آلوده مُکُنن!, حالا تا کنار قله ی کوه جاده می‌زنند و می‌گویند مردم بی فرهنگ هستند و با ماشین محیط زیست را آلوده میکنند.
خیا مکنن این جاده در کِردنا هنره., فکر می‌کنند جاده زدن کار خوبی است.
اگر راس مگن، باسی توی شهر جا و جم برا تفریح مردم باشه تا دیه اونایی که پرواشونه راه رفتن نی، با ماشین نرن تا جایی که مخان بیشینن!, اگر راست می‌گویند باید توی شهر مکانی برای تفریح مردم باشدتا دیگر کسانی که حوصله راه رفتن ندارند با ماشین به محل تفریح و نشستن شان نروند.
اُوفتو کوروک رسیدِم و پیرون درومَد تا گوسفندا را کردِم تو حَص., دم غروب رسیدیم و تا گوسفندها را به طویله بفرستیم خیلی خسته شدیم.
از همه جا صدای هوو هوو......ی شغال میمَد, از همه جا صدای شغال می آمد.
اِقَئیکه از نور چراغ دسّی و هُو هُو سگ مِترسیدن جلو بیان., اینقدری که از صدای سگ و نور چراغ قوه می‌ترسیدند و جلو نمی آمدند.
شُو رو تخته‌سنگ رفتم خُسبیدَم تا مار و عقرب اذیتون نکنن یا ما تو شو لنگ و لخد نزنِم تو دنده شون., شب روی تخته سنگ خوابیدیم تا نه مار و عقرب ما رو اذیت کنند یا ما در شب آن ها رو لگد نکنیم.
صُب، هنو هوا گرگ و میش بود که از سر و صدای گوسفندا بیدار شدَم. مثّیکه دایی زودتر خودُم فهمیده بود بیدار شدم!, صبح، هنوز هوا گرگ و میش بود که از سروصدای گوسفندها بیدار شدم. مثل اینکه دایی زودتر از خودم فهمیده بود که من بیدار شدم.
متی بیا گوسفندا را ببر او سینه بِچرَن., مهدی بیا گوسفندها را آن سمت بچران.
کَهرُکا تو حصِّ کوچیکُک مُخاسَّن خودِشونا برسونن پهلو مادرِشون شیر بُخورَن., کره های توی طویله می‌خواستند خودشان را به مادرشان برسانند و شیر بخورند
دایی داش تو حصِّ بزرگ، شیر بزا و میشا را می‌دوشید., دایی داشت توی طویله ی بزرگ شیر بزها و میش ها را میدوشید.
گایَوار، یتا بز، پاشا مِهِشت؛ پاشا نام آدم نی، پایش را می گذاشت سینه دیوارِ حص و سرِشا از لا چو و چِلا در می‌اُرد یا مثِّ زندونیا از سوراخ لا سنگ نگاه مِکِرد., یک بزی داشت که گاهی اوقات، پاشا میگذاشت، پاشا اسم آدم نیست، پایش را  روی دیوار طویله می‌گذاشت و سرش را از لای چوب ها در می آورد و مثل زندانی ها  از میان سوراخ نگاه می‌کرد.
من همیرویی که دایی گفته بود، یَتا اجاق گُنده و آتیش دُرُس کردم., من همانطوری که دایی گفته بود یک اجاق بزرگ و اتش درست کردم.
دایی، یخده ای از شیرایی که دوشیده بود را رِخت تو دیک و هِشت رو آتیش و باقیشا کرد تو خیک تا از ده بیان ببرن, دایی کمی از شیرهایی که دوشیده بود را  در دیگ ریخت و روی اتش گذاشت و مابقی را خورد تا از روستا بیایند آن را ببرند.
وختی شیر جوش اومد؛ دیکا وَهِشت، هِشت اووَترُک تا سرد شه و گف: نونِ شیر مُخوری؟, وقتیکه شیر جوش امد دیگ را برداشت و گذاشت ان طرف تر تا سرد شود و گفت نون و شیر میخوری؟
گفتم: نه، وَرُم نمِداره. چربه مُخورَم., گفتم نه به من نمیسازه سرشیر میخورم.
دایی، شیر که سرد شد، چربه‌شا برا من گرفت و خودشن، نون خُرد کِرد تو کاسه و شیر رِخت روش و ناشته شد., دایی شیر که سرد شد سرشیر را برای من جدا کرد و خودش هم نان خرد کرد در کاسه و شیر روی ان ریخت و ناشتا شد.
بعدِ ناشتایی؛ دایی مایه‌ پنیر زد تو شیر و من کمک کِردم تا پنیرا جُل بِندازه و سرِ کیسه را گِرِنج کنه و بَن کنه گَلِ درَخ., بعد از ناشتایی، دایی مایه پنیر به شیر اضافه کرد و من کمک کردم یک تکه پارچه روی ان بندازد و سر کیسه را گره بزند و به درخت اویزان کند.
داشتم، کاسه مِهِشتم زیر کیسه پنیر که اُوِ پنیر بیریزه توش؛ یهو، یتا چَپِش اومد هَد کیسه پنیر و منن از ترس، دوئیدم., داشتم کاسه میگذاشتم زیر کیسه پنیر که آب پنیر در آن بریزد؛  ناگهان یک بز نر سمتم امد و منم ترسیدم و دوییدم.
دایی خندید و رف نشِس و بنا کِرد نی زدن و دیه باقی روز کارِش اینا بود. نی مِزد., دایی خندید و رفت نشست و شروع به نی زدن کرد و دیگر مابقی روز کارش همین بود، نی میزد.
رو چو با چاقوش نقش و نگار در می‌اُرد و برا من چو دسِّی درس مکرد و کُوک مِگرِفت., روی چوب را با چاقوش میتراشید و نگاره درمی‌آورد و برای من چوب دستی درست میکرد و کبک میگرفت.
با اُوِ پنیر تلف دُرس مِکرد., با اب پنیر قره قوروت درست میکرد.
یادِش به خیر! دیه اورُ پنیری گیرون نمیا., یادش بخیر دیگر انطور پنیر پیدا نکردیم.
حالا ایرو پنیر درس مکنن:, حالا اینطور پنیر درست میکنند:
شیر گو مُکنن تو قابلمه و ملَّن رو گاز، جوش که اومد، چن تا قاشق سرکه یا اولیمو می‌ریزن توش تا ببره., شیر گاو را  در قابلمه میکنند و روی گاز می‌گذارند وقتی جوش آمد، چندتا قاشق سرکه یا ابلیمو توش میریزند تا شیر ببرد.
اووخ تو صافی در مکننن و مکنن تو پارچه، یلّا می‌گیرن زیر اُو تا ترشیش در ره و یه‌جایی بن مکنن., بعد از آن از صافی رد میکنند و در پارچه میکنند، بعد کمی اب روی ان میگیرند تا ترشی اش کمتر شود و یک جایی اویزان میکنند.
اُووِش که در رف؛ میزارن تو سینی و یه چیزی سنگین ملَّن روش تا سِف شه., ابش که درآمد توی سینی میگذارند و یک چیز سنگین روی آن میگذارند تا سفت شود.
چن سات بعد تو پارچه در میارن و حَب حب مِبرن و می‌ریزن تو اووِ خودش و ملَّن تو یخچال., چند ساعت بعد از درون پارچه درمی‌آورند و تکه تکه میکنند و در اب خودش میریزند و بعد هم در یخچال میگذارند .
گوسفندا دوروغ نمِگن., گوسفندها دروغ نمیگویند.
گوسفندا، کلاه سر هم نمیزارن و کلاهِ کسی را هن ور نمدارن., گوسفندها کلاه سر هم نمیگذارند و کلاه کسی را هم برنمیدارند.
حالا گوسفن که مبری بچرونی، ازت مالیات و اجاره میسونن!, حالا گوسفند که میبری بچرانی از تو مالیات و اجاره میگیرند.
بازم تو روستا و کوه خشه., باز هم توی روستا و کوه خیلی خوب است.
کمتر گوسفندِ آدم نما می بینی., کمتر گوسفند آدم نما میبینی.
اونجا، تگ گادیشة کسی ماسّی نی., آنجا ته ظرف ماست کسی ماستی نیست.
گاسنی، یه رو از تو غار براتون خط تولید نوشتم., شاید یک روزی براتون از در غار براتون نامه نوشتم.
پادشاهی تو یجاهی، دستور داد یتا اسیرُکا بکشن., پادشاهی در یک جایی دستور داد یکی از اسرا را بکشند
اسیروک لکین پا، وختی دید کارِش تموهه و کلکِش دره مره کنده بشه، بنا کرد فُش دادن و هرچی تو کچش در اومد واش پادشاه گف., اسیر بدبخت و بیجاره وقتی دید عمرش رو به اتمام است و بزودی کشته می شود شروع کرد به فحش دادن و هر چی از دهانش درآمد به پادشاه گفت
حالا که باسی بیمیرم، لاقل دلم خنک شه, حالا که قرار است بمیرم حداقل خوشحال شوم (فحش دادن به پادشاه)
پادشاه که زبون اونا حالیش نمشد، پرسید چی چی مگه؟, پادشاه که متوجه زبان او نمیشد پرسید چه می‌گوید
یتا وزیرکاش که آدم خَشُکی بود گف: دره تعریفتون مکنه و مگه اونایی که جلو خشمشونا می گیرن آدمای خشین و باعث سلامتی اطرافیانشون مشن., یکی از وزیرهایش که آدم مهربانی بود گفت از شما دارد تعریف میکند و می‌گوید آنهایی که خشم خود را کنترل می‌کنند افراد خوبی هستند و باعث سلامتی دیگران می شوند
پادشاهن دلش رحم اومد و از سر خونش گذشت., پادشاه دلش به رحم امد و از سر تقصیرات او گذشت.
یتا دیه وزیر ناخشن که اونجا بود و دل خوشی از اسیره نداش، دوئید جلو, یکی دیگه از وزیرهاش که بد اخلاق بود و دل خوشی از اسیر نداشت سریع جلو دوید.
و گف: ما زشتونه تو رو پادشاه دوروغ بگم., و گفت: زشت است که ما جلوی پادشاه دروغ بگوییم
این مرتیکه ی .... دره فش و بد و بیراه مده و لیچار بار شما مکنه اوخ اوشون مگن دره تعریفتون مکنه., این مردک..... داره فحش و حرفهای رکیک به شما می‌دهد و حرف های زشت به شما می‌گوید آن وقت این وزیر می‌گوید دارد از شما تعریف می کند
پادشاه خشش نشد و پک و پوزشا تو هم کشید و گف:, پادشاه از این حرف خوشش نیامد و اخمهایش را در هم کشید و گفت
منن دوروغ این، خشترمه راس تو بود., من از دروغ این وزیر بیشتر خوشم آمد تا حرف راست تو
او چاخان کرد تا کار خوب بکنه., او دروغ گفت تا کار خوب انجام دهد
اما تو راس می گی برا پچُلکاری., اما تو  برای بد نام کردن راست می گویی
من دلم مخاس اینا یطری ببخشمش., من دلم می خواست به یک طریقی او را ببخشمش
نمیدونم چرا بعضیا دنبال بونه مگردن کار بدا ثابت کنن و نمخان یه چیزک خوبا بیبینن و اونا عَلَم کنن., نمی دانم چرا  بعضی از آدمها دنبال بهانه می گردند که کار بد را ثابت کنند و نمی خواهند که چیزهای خوب را ببینند و و آن را برجسته کنند
خیا مکنن همه چی بده تا خلافش معلوم نشده و باسی بگن همه چی خوبه تا وختی خلافش معلوم نشه., فکر می کنند همه چی بد هست تا خلاف آن تابت نشده و باید بگویند که همه چیز خوب است تا وقتی که خلاف آن معلوم نشود.
رُب تَماته, رب گوجه فرنگی
تماته؛ یزّیِ انگلیسی گوجه فرنگیه!, تماته  یزدی ه انگلیسی ه گوجه فرنگی ه
من خو واشِ اُملت گوجه، مگم؛ تخم و تماته., من به املت گوجه؛ تخم و تماته میگم.
آسونترین راهِ تهیه ی رب، لبنیاتی سر کوچه هه., آسان‌ترین راه تهیه رب، لبنیاتی سر کوچه هست.
اوروز اوروزا، هرچیزی فصلی داش., روزگاران قدیم هر چیزی فصلی داشت.
فصلِش وختی بود که بود., فصلش وقتی بود که فراوان بود.
حالا فصل هر چی، وختیه که ارزون مِشه., اما الان فصل هر چیزی وقتی است که ارزان می‌شود
برا دُرُس کِردن رب، باس دور پایین بیان و تو دکون تبّافی یا میدون،, برای درست کردن رب باید دور خیابون‌ها بگردند و در مغازه میوه فروشی یا میدان تره بار،
تماته ی جون و خَش و ارزون بِخرَن., گوجه فرنگی خوب و تر و تازه و ارزان بخرند
آخه ما رب تماته را با آرت و کُدو حلوایی و رنگ دُرُس نمُکُنِم!, چون که ما رب گوجه را با آرد و کدو حلوایی و رنگ درست نمی کنیم
...نِ جعبه را وَر مِکَشِم تو تشت و اوو میریزِم روش و دونُک دونُک میشورِم و پوسیده لیسیداشا سِوا مُکُنِم....., پایین جعبه را بلند کرده و در تشت خالی می کنم و روی آن آب میریزم و دانه دانه شسته  و پوسیده و خراب ها و له شده ها را جدا می کنم
اینا باسی تکه پاره شَه و نمکن مُخا؛ به مقدار کافی., گوجه ها باید تکه تکه شده و نمک هم  به مقدار کافی می خواد
اووَخ میریزِم تو تشتی، بشکه ای چیزی و درِشا مِلِّم و مِلّم اووفتو، به مقدار کافی., آن وقت در یک تشتی، بشکه ای، چیزی میریزم  و درش را گذاشته و در آفتاب به مقدار کافی می‌گذارم.
چن رو که شد میریزم تو ترُشبالا و اووِشا میگیرِم, چند روز که گذشت میریزم داخل صافی و آبش را میگیرم.
دوباره هن صاف مُکُنِم که تخمُکاش گَلِش نره, دوباره هم صاف میکنم تا تخمهای گوجه داخلش نرود.
حالا قابلمه ی رویی ساخت ایران که پَی سال ضمانت داره, حالا قابلمه آلومینیومی ساخت ایران که 5 سال ضمانت دارد.
ارسالِشن تا وقتی دَرِت این چرت و پرتا را موخونِد رایگانه و تازه با 100 هَزار تومن زیر قیمت دولاپَنا حسابتون مُکنِم،, ارسالش هم تا وقتی دارید این چرندیات رو می خوانید رایگان است و تازه با 100 هزار تومن زیر قیمت دوبرابر با شما حساب میکنم.
میزارِم رو اجاق تا یاواش یاواشُک بیجوشه و سِف شه., روی اجاق می‌گذارم تا یواش یواش بجوشد و سفت شود.
تو این فاصله، دیه همزدن نمُخا،, در این فاصله دیگر احتیاجی به هم زدن ندارد.
اما نمِشتن برن کلَّه بِلَّن., اما نمی گذارند  که بخوابند.
گاس دیدی تَگ گرفت و سوخت., گاهی  دیدی ته گرفت و سوخت.
خاطیری همین باد گایَوار نگاش کنن که بترست و نسوزه و هادِرِش باشن., به همین خاطر باید هر از گاهی نگاهش کنند که بترسد و نسوزد و مواظبش باشند.
همه چی هادِرباش مُخا., همه چیز مراقبت می خواهد.
خیا مُکُنِد چرا فیلتر ساخته شده؛ چون باسی هادِرون باشن., گمان می کنید چرا فیلتر ساخته شده چون بایستی مراقب ما باشند
چرا فیلترشکن ساخته شده؛ چون باسی هادِرشون باشِم!, چرا فیلتر شکن ساخته شده چون باید مراقبشان باشیم
رُبه که سفت شد، میریزِم تو شیشه ی خُشک و چن تا پَشُفتُک روغن(ru) مِپاشِم روش و درشا شَخ مِبندِم و مِرم پی کارون, رب که سفت شد داخل شیشه ی خشک میریزیم و مقدار کمی روغن روی آن میریزیم و درش را سفت و محکم می بندیم ودنبال کارمان می‌رویم.
شما هن وَخینِد بِرِد پی کارِتون!, شما هم برخیزید و دنبال کار خودتان بروید!
گوش فیل، یَه‌رو نَک و نیشِ بامیه کِرد و گف, گوش فیل  یک روز به بامیه کنایه زد وگفت
هُتُله نده، غوچَعلیِ دندره‌ای چسبو!, هول نده چاق و تپل چسبناک!
بامیه گف: تو خییا کِردی قلمی هسّی، متکای شیره!, بامیه گفت: تو خیال کردی قلمی هستی متکای شیره!
حالا اگر واشِت مِگن گوش فیل، باس غُلدری کنی؟!, حالا اگه به شما میگویند گوش فیل باید غلدری کنی؟
من خودُم دیدم چطَر با ورزنه، مثِّ لواشک رو میز پهنِت کِردن و چهارگوش، چهارگوشُک بریدنِت., من خودم دیدم چگونه با وردنه مثل لواشک روی میز تو را  پهن  کردند و چهار گوش چهارگوش تو را بریدند.
بیش‌تر شباتِ گوشة لیف می‌دی تا گوش فیل!, بیشتر شبیه گوشه لیف هستی تا گوش فیل!
گوش فیل گف: خیلی دلِتن بُخا رو میز پهن شی, گوش فیل گفت خیلی دلت هم بخواهد روی میز پهن شوی
خمیرِت اقَّه شُل بود که کِردنت تو قیف و پِنگِلُک پِنگِلُک مثِّ سِنجت  از قیف در اومدی و تو روغن داغ ورغُلُمبیدی., خمیرت این قدر شل بود که تو را داخل قیف کردند و کوچولو کوچولو مثل سنجد از قیف در آمدی و در روغن داغ پف کردی.
حالا نمگم مثل پشکل گوسفن؛ چون خشوم نی کسی دلش هم بزنه., حالا نمیگویم مثل پشکل گوسفند، چون خوشحال نمی شوم  کسی حالش بهم بخورد.
بامیه گف: اگه من تو روغن جون ورغلمبیدم‌خو تواِ لکین‌پا تو روغن پچُل پوچول و سوخته پوخته، متکا شدی., بامیه گفت: اگر من داخل روغن خوب پف کردم خب توی بدبخت بیچاره تو روغن کثیف و سوخته متکا شدی.
گوش فیل گف: هی متکا متکا نکن که یَهو شاتس مِلَّم پس مُلِت., گوش فیل گفت:  این قدر متکا متکا نگو که یک دفعه سیلی  پشت گردنت میزنم.
مُلَن‌خو نداری., گردن هم خب نداری.
فقط فیس و افاده داری طبق طبق و به روغن و شربتِت مِنازی., فقط طبق طبق فیس و افاده داری و به روغن و شربتت مینازی.
بامیه گف: حالا هرچی بیگی‌خو بَنا نیس کسی مَلِت بیذاره، همه میدونن ضررت از من و زولوبیا بیش‌تره., بامیه گفت حالا هر چی بگویی خب قرار نیست کسی به تو محل بگذارد همه می دونند ضرر ت از من و زولبیا بیشتر است.
هان! کی نامِ قشنگ مَنا بُرد., هان کی اسم قشنگ منو گفت.
اگر هِشتِت یلّا کلَّه بِلِّم., اگر گذاشتید کمی بخوابم.
تا حالاخو زیر نور چراغ بودم تا مشتری گول بُخوره بخره؛, تا الآن خب زیر نور چراغ بودم تا مشتری گول بخورد و مرا بخرد.
تا اومدمن تو جعبة تاریک، بُخُسبِم،, تا آمدم هم در جعبه تاریک بخوابم.
شما دوتا مث سگ و گربه افتید تو جون هم, شما دو تا مثل سگ وگربه  به جان هم افتادید.
بامیه گف: پیش این متکا بوگو که خییا مکنه از دماغ فیل افتیده!, بامیه گفت: به این متکا بگو که خیال می کند از دماغ فیل افتاده است!
گوش فیل گف: از سوراخ قیف افتیده، منن هرچی هسَّم، کسرُم مکنه گَلِ تو بچسبم., گوش فیل گفت: از سوراخ قیف افتاده من هم هر چیزی هستم کسر شانم میشود که به تو بچسبم.
زولوبیا گف: دوتاهیتون اتکلی زرت و زورت نکنِد که مِصَلة سه‌تاهیون شبات هم مده و همه‌هون چسبو و بی‌خاصییتِم و خَش بودنونن خاطیری شربتونه., زولبیا گفت: دوتا ییتان الکی حرف بیخود نزنید که مصالح سه تا ییمان  شبیه هم هست و همه مان چسبناک و بی خاصیت هستیم و خوب بودنمان به خاطر شربت مان هست.
آدماهن‌خو هرچی ضررش بیش‌تره، دوس‌تر مِدارن., آدم ها هم خب هر چیزی که ضررش بیشتر باشد، بیشتر دوستش دارند.
حالاهن نَکِتونا ببندِت و خودتونا بزنِد, حالا هم دهانتان را ببندید و خودتان را بزنید.
به خُو واقَّه شیره رو خودتون نکند, حالا هم بخوابید و این قدر شیره به خورد خودتون ندهید.
خوشمزه‌گری در نیارِد تا بِدَنون گُو!, لوس بازی در نیاورید تا شما را به گاو ندهند.
بامیه-گوش فیل با هم گفتن؛, بامیه گوش فیل با هم  گفتند.
چه فرقی مکنه آدم بُخورتون یا گو؟, چه فرقی می‌کند آدم شما رو بخورد یا گاو؟
زولوبیا گف:اگر گُو بُخورَتون شیر مشِم!, زولبیا گفت: اگر گاو ما را بخورد به شیر تبدیل می‌شویم!
یکی‌از مراسمِ یزّیها، قبل‌از ماه رمضون، خونه‌تکونیه؛, یکی از مراسم یزدی ها قبل از ماه رمضان خانه تکانی است
با این‌کار به پیشوازِ رمضون مِرَن و دیه با دَهنِ روزه نباد اُو و جارو کنن., با این کار به استقبال ماه رمضان می‌روند و دیگر با دهان روزه نباید آب و جارو کنند.
رسمِ «کلوخ‌اِندازون» و «قاصد در کِردن»، برا قبل‌از این ماه بوده و شوهای اَیاهَن رسم و رسوماتی داشتن., رسم کلوخ انداختن و قاصد بیرون کردن برای قبل از این ماه بوده و شبهای احیا هم رسم و رسوماتی داشتند.
قدیمیا مِگَن: اوروزا، رادیو تیلیویزیونِ محلی و غیرمحلی و گُل‌اُو به‌روتون، ماهواره نبوده، باسی چَش لُک مِکِردن به کاهگل؛, قدیمی ها می‌گویند در روزهای قدیم رادیو تلویزیون محلی و غیر محلی و گلاب به رویتان ماهواره نبود و باید به کاهگل چشم می دوختند.
هروَخ دیه پَرُکای کاه دیده نَمِشُدن افطار مکردن., هر زمانی که پر های کاه دیده نمی شدند افطار می کردند.
اووَختا ‌خو وضی نداشتن،, آن وقتها خب وضع درست و حسابی نداشتند (منظور کمبود امکانات و... هست )
بچُکا مثِ تَرکه ، خوشکُک بودن و روزه که مِشُدَن خیا مِکِردی دَره جونِشون در مره، سفیل بودن زودی افطار شه., بچه ها مثل ترکه ی چوب نازک و باریک بودند و روزه که می‌گرفتند به نظر می‌رسید دارد جان از بدنشان در می‌رود منتظر بودند زودتر افطار شود.
زمونِ ما رادیو و بلندگو بود و وختِ افطار چندتا مسجدا زیرِ پا در مِکِردم تا بیبینِم کجا افطاریش بُمِ طَبعونه., زمان ما رادیو و بلندگو  بود و وقت افطار  به چند  مسجد سر میزدیم تا ببینیم افطاری کجا را می پسندیم و مطابق میل ماست
بعضی جاها اُوگوشت بود و بعضی جاهن زولوبیا. دَهنِتون اُو اُفتید؟, بعضی جاها آبگوشت بود و بعضی جاها زولبیا دهانتان آب افتاد؟
اگه رانَمبَرِد یَوَختی طَرِ دُرُس کِردنِشا یادتون مدم., اگر یک وقت طریقه درست کردنش را نمی دانید یادتان میدهم.
افطاری دادن ثواب داره و اسراف کِردن، گناه. تو فرهنگ ایرونی، اونم از نوع یزّیش نمِذاشتن چیزی دور رِخته بشه،, افطاری دادن تواب دارد و اسراف گناه است و در فرهنگ ایرانی آن هم از نوع یزدی آن نمی گذاشتند چیزی دور ریخته شود.
افطاری، کَمُک موخوردن و یاد فقیراهن بودن., کمی افطاری می خوردند و به یاد فقرا هم بودند.
مث حالا نبود که اقّه چیزی حَروم کنن و تا می‌تونن بخورن و بگن، اُخ پوکیدَم!, مثل الان نبود که این مقدار چیزی حرام کنند و تا می توانند بخورند و بگویند آخ منفجر شدم.
معلومه دیه کسی یادشه گُشنا نیس., معلوم است دیگر کسی به فکر گرسنگان نیست.
قدیمیا مِگن: شوِ بیس و هفتم رمضون، نونِ شوِ بیس‌وهفتمی مِپختن و اونایی که مریض داشتن، هفتا خونه ی روبَر قبله مِرفتن و «قاشق‌زنی» مکردن،, قدیمی ها می‌گویند شب بیست و هفتم ماه رمضان نان شب بیست و هفتم می پختند و کسانی که مریض داشتند هفت خانه که رو به قبله بودند می رفتند و قاشق زنی می‌کردند.
چیزُکایی که می‌سوندن برا شفا بین خودشون تقسیم مِکردن, چیزهایی که می‌گرفتند را به نیت شفا بین خود تقسیم می کردند.
ما وختی مرفتم دوس‌دوس؛ موخوندِم؛, ما وقتی می رفتیم دوست دوست می خواندیم؛
دوس‌دوسِ علی‌دوسه- این خونه شربتِ قنده- امام‌حسین درِشا نبنده- میدی یا بِرِم, دوست دوست علی دوست این خونه شربت قند است امام حسین درش را نبندد می‌دهی یا بروم
یا اَرده به طاسُم کن- یا بُکُش و خلاصُم کن., یا ارده بریز تو کاسه ام یا بکش و راحتم کن
بعضی خونا چیزِ گُنده‌ای مدادن و مگفتن بین خودتون تقسیم کُنِد., بعضی از خونه ها تحفه بزرگی می دادند و می‌گفتند بین خودتان تقسیم کنید.
بعضیاهن هیچی مدادن که بین خودون تقسیم مکردم!, بعضی ها هم چیزی نمی دادند که بین خودمان تقسیم کنیم
اما بعضیا چُو برمِداشتن و دنبالون مِکِردن که باد کوشاهونا در میوردم و مِدُویدم تا چو نخوره تو کُدومبَه‌هون یا تس نیا پَسِ مولون., اما بعضی ها چوب بر می داشتند و دنبالمان می کردند که باید کفش هایمان را در می آوردیم و می‌دویدیم تا چوب به سرمان نخورد یا  پس گردنی نخوریم.
اوتراش(خط تولید او هندونه), طرز تهیه آب هندوانه
دوستی اومد در خونه‌هون و گف؛, دوستی آمد در خانه مان و گفت
یَتا نشریة طنز قراره از ماه دیه چاپیده بِشه؛, یک نشریه طنز قرار هست از ماه دیگه چاپ شود
بیا تو اون کار کن. عَمَلة خوبی‌هن مدن., بیا برای ان کار بکن پول خوبی هم به تو میدهند
گفتم؛ نمیام، مثِّ هندونة نبریده ممونه، بیزار یه‌سال چاپ شه، اگه پسَندُوم بود میام., گفتم نمیام مثل هندوانه نبریده میماند، بگذار یکسال چاپ بشود، اگر مورد پسندم بود می آیم.
گف؛ هندونه را اگر فشارِش بیدی، قرچ قرچ کنه، جونه., گفت هندوانه را اگر فشارش دهی و صدای قرچ قرچ داد خوب هست
گفتم؛ تِلِنگّکِن مِشه بزنن گَلِش یا هندونه، گُنج گُندگیش باسی سُبُک باشه، برعکس خربزه., گفتم یک ضربه کوچک میشود به هندوانه زد، در عین بزرگی باید سبک باشد، برعکس خربزه.
گف: باری‌کلّا! توخو بیشتر می دونی., گفت:آفرین تو که خودت بیشتر بلدی.
گفتم؛ سالِ 64 هندونه فروشی مِکِردم، کلاس نداش ولی نونِش با نوشتن قابل مقایسه نبود., گفتم سال 64 هندوانه فروشی میکردم، کار باکلاسی نبود ولی پول آن با درس خوندن قابل مقایسه نبود (درآمد خوبی داشت)
نصف کامیون هندونه را که مفروختِم پول خرید هندونا در میمد و باقیش سود بود., نصف کامیون هندوانه را که میفروختم پول خرید هندوانه ها در می آمد و بقیه آن سود بود
هندونه کیلویی یه‌تومن پونزه ریال بود و آخراشا کیلویی 5رال مفروختم., هندوانه کیلویی یک تومان یا پانزده ریال بود و باقیمانده هاش را کیلویی پنج ریال میفروختم
گف؛ همین هندونُکای پلنگی., گفت؛ همین هندوانه های دورنگ.
گفتم: نا؛ اینا هنو کشف نشده بود., گفتم: نه اینها هنوز کشف نشده بود.
باس، حلق و گولو خودونا پاره کنِم و جار بزنِم., باید حلق و گلوی خودم را پاره میکردم و جار میزدم.
ببر به شرط چاقو. ببر که مثِّ قنده., ببر به شرط چاقو ببر که مثل قند شیرین است.
حرفونن درس بود؛, حرف  مان هم درست بود،
چون یا شیرین در میمد یا سیفید., چون یا شیرین یا سفید در می آمد.
مثِّ حالا نبود که رو مقوا مروسن،, مثل الان نبود که روی مقوا مینویسند
هندونه کیلویی 200 تومن و وختی مشتری ملَّه تو ترازو مگن، این هندونه کیلویی 500 تومنه!, هندوانه کیلویی دویست تومان و وقتی مشتری آن را توی ترازو میگذارد میگویند، این هندوانه کیلویی پانصد تومانه!
گف: تو که اقَّه چیزی می دونی و تجربه داری، راس کار نشریه هسّی., گفت تو که اینقدر چیزی بلد هستی و تجربه داری خوراک کار در نشریه هستی
په بیا!, پس بیا
گفتم: هندونه یزّی زیر ب نغل من نیزار و ادامه دادم؛, گفتم هندوانه یزدی زیر بغل من نگذار و ادامه دادم
هندونه اگر کودوهن باشه، مشه اووِش بیگیرن., هندوانه اگر خوب هم نباشد میشود آب آن را گرفت.
گف: یعنی چه؟, گفت یعنی چی ؟
گفتم: هندونة سیفید و نارس را با اوتراش، متَّراشیدِم تو ترشبالا و اووشا مگرفتم., گفتم هندوانه سفید و نارس را با قاشق میتراشیدم و در آبکش میریختم و آب آن را می گرفتم
اوختا این ادا نداشتن که اوو هندونه را فقط برا مهمونا صاف کنن., آن وقت ها این ادا و اطوار نبود که آب هندوانه را فقط برای مهمان ها صاف کنند
همیرو شکر و یخ مِرِختم توش و موخوردم یا مدادم مهمون., همینطور شکر و یخ در آن می ریختیم و میخوردیم یا به مهمان میدادیم.
گف: دلتون درد نمگرف., گفت دلتان درد نمی گرفت.
گفتم: فسفود و خوراکای حالایی نبود تا مِعدا ضعیف شن., گفتم فست فود و خوراک های الان نبود که باعث ضعیف شدن معده ها بشود.
هندونای اوختن مثِّ هندونای یزی بودن که هرچی موخوردِم بَدون نمشد., هندوانه های ان وقتها مثل هندوانه های یزدی بودند که هرچی میخوردیم حالمان بد نمی شد
تُخماشن را مفروختم یا بازرچوه بو مدادِم., تخمه های ان را هم میفروختیم یا با زردچوبه بو می دادیم
گف: چقَّه هندونه یزی هندونه یزی مکنی؟!, گفت چقدر هندوانه یزدی هندوانه یزدی می کنی؟
گفتم: نمی دونی چقه اُودار و خشه و چه تخمای جونی داره., گفتم چون نمی دانی چقدر آب دار و خوشمزه هست و تخمه های خوبی دارد.
اقه گُنده مشه که اوروزا تو کُلِش رَخ مِشُسَّن., آنقدر بزرگ میشود که آن وقتها در پوست آن لباس می شستن.
گف: خَیلُخب، بیا تو نشریه بروس؛ من فهمیدم،, گفت خیلی خوب بیا اینها را در نشریه بنویس من فهمیدم
مسئولین با مدیر مسئول نشریه ای که توش مروسی خوب نیسَّن, مسئولین با مدیر نشریه ای که تو الان در آن مینویسی خوب نیستن
اینا اگر تو ظاهر اُو برا هم پایین مکنن، پشت و پَسَلُک، اُو تو کُل هم مُکُنن., اینها اگر در ظاهر آب را برای همدیگه پایین می آورند (آبرو داری میکنن) در خفا و پشت سر زیرآب همدیگر را می زنند.
گف: تازه این نشریه ای که مگم، مدیر مسئولشن مخا مجوز انتشاراتن بیگیره،, گفت تازه در مورد این نشریه ای که حرف میزنم مدیر مسئولش قرار هست مجوز انتشارات هم بگیرد
تو کار برج سازی هن مشارکت کنه و چن تا کار دیه., تو کار برج سازی هم و چند تا کار دیگر مشارکت کند
گفتم: مگه با یتا دس چن تا هندونه مخا برداره؟!, گفتم مگر با یک دست چند تا هندوانه میخواهد بردارد؟
کریم یخی نبود، باستانی بود، یهووَکی یخی شد., کریم یخی نبود قدیمی بود یهویی یخی شد
انگیلیسیا یخیش کِردن. چون یخ فروشی داشت., انگلیسی ها یخی کردند چون یخ فروشی داشت
یَه رو کریم، شیر و یخ و گلُو و شیره و زرده تخ را قاطی کِرد و فروخت., یک روز کریم شیر و یخ و شیره و زرده تخم مرغ را مخلوط کرد و فروخت
"انگیلیسیاهن خریدن و خوردن و پسندِشون شد و گفتن ""athing nice"" عجب چیزُک خَشییه!", انگلیسی ها خریدند و خوردند و مورد پسندشان شد و گفتند عجب چیز خوشمزه ای هست
"سفارت انگلیس یَتا دوکون داد کریم و بالاش نوشت ""Bastani""(باستانی). ", سفارت انگلستان یک مغازه داد به کریم و بالای آن بستنی (باستانی) نوشت
ایرونیاهن خوندن بستنی و یزّیّا گفتن بسَّنی., ایرانیها خواندند بستنی و یزدیها بسنی گفتند.
اُمبار, آب انبار
یَه‌رو، تو اُوفتو، وسط بَرِّ بیابون گم شدَم., یک رو ز در آفتاب وسط بیابون گم شدم
جوش نکُنِد! یَخده ای وخ بعدِش پیدا شدم., حرص نخورید بعد مدتی پیدا شدم
وختی آدم تو بیابون باشه، اونم تو اُوفتو، اُو هم نداشته باشه؛, وقتی آدم در بیابان باشد آن هم در آفتاب آب هم نداشته باشد
اِمبار قدرِ اُمبارا می دونه., ایندفعه قدر آب انبار را میداند
تو مَله‌هون یَتا اُمبارِ خَش بود که هر رو از کنارِش رد مِشُدم و گایوار،, توی محله ما یک آب انبار خوب بود که هر روز از کنار ان رد میشدم و گاهی وقتها،
لُوِ پِلَّه ی اولیش وامسیدم و تگِشا نگاه مِکِردم., بالای اولین پله آن می ایستادم و ته آن را نگاه میکردم
کَلَّم کَلِتُو مِرَف., سرم گیج می رفت.
خیلی مرف پایین و آجرچینیش خیلی جون بود., خیلی پله داشت و آجرهای بکار رفته در آن خیلی قشنگ بود
مثِّ دندون مار تو هم جُف شده بود., مثل دندانهای مار بهم جفت شده بودند
همیرویی که تو خیالِ خودُم تگِ اُمبار مَله، داشتم از خُنُکیش حَض مِکِردم،, همینطور که در خیال خودم از ته آب انبار محله داشتم از خنکی آن کیف می کردم و حض میبردم
رسیدم به یتا جعده که لُوِ جعده، یتا اُمبار بود., رسیدم به یک جاده که لب جاده یک آب انبار بود
خیلی دلُم خَش شد., خیلی خوشحال شدم
نزیک که شدم، دیدم بیشتر شباتِ اَمبار مِده تا اُمبار!, نزدیک که شدم دیدم بیشتر شبیه آب انبار هست تا خود آب انبار
به جا بادگیر کُلُمبو داشت و راچیناشن وارِخته بود., به جای بادگیر سقفی مثل کلاه فرنگی داشت و پله هایش خراب شده بود.
بَشن در و دیوار، اُلِنگون شدم و رفتم پایین., از در و دیوار آن آویزان شدم و پایین رفتم.
شیر بود، اُو نبود!, شیر آب داشت ولی آب نداشت
اوَخ و مث حالا نبود., اون موقع ها مثل حالا نبود
دزدی هن حساب کتاب داشت., دزدی کردن هم حساب داشت
کسی شیر اُو مردم را نمِدزدید., کسی شیر آب مردم را نمی دزدید
واشِ خودُم گفتم؛ گاس این اُمبار همونیه که مگن با پیدایش نخستین تمدنهای ایرونی دُرُس شده! اُ خندیدم!, به خودم گفتم شاید این آب انبار همان هست که می گویند با پیدایش نخستین تمدنهای ایرانی درست شده و خندیدم!
با چَنگول، دوباره خودُم را بالا کشیدم., با پنجه هایم دوباره خودم را به بالا رساندم
خط تولید پالوده, طرز تهیه فالوده
طِزِرجون، اوتَّرُکِ ده‌بالاهه، ده‌بالاهن ایدترک طزرجونه!, طزرجان کمی آنطرف تر از ده بالا هست و ده بالا هم اینطرف تر از طزرجان!
حالا که حالیتون شد طزرجون کجاهه،, حالا که متوجه شدید طزرجان کجا هست
پَه بیدوند برفخونه هن داره که قدیما از اونجا یخ میوردن شهر مِفروختن!, پس بدانید برفخانه هم دارد که در قدیم از انجا یخ  به شهر می آوردند و میفروختند
یخا را مِذاشتن لا کاه تا اُو نشن., یخها را می گذاشتن لای کاه تا آب نشود
گاس می‌بینی خاطیری همینه که حدودِ خیلی سال پیش، پالوده، توی طزرجون اختراع شده., شاید میبینی به این دلیل هست که حدود خیلی سال پیش فالوده در طزرجان اختراع شده است
اوروزا نشاسّه را که مِپُختن،, اون روزها نشاسته را که می پختند
مِرِختن تو یتا تالِ گُندهِ مسی،, توی یک سینی مسی بزرگ می ریختند
بعد از سِف شُدن،, بعد از سفت شدن
با کمونی که یَهَدش سیم یا دمِ اسب بسّه شده بود،, با یک کمانی که یک طرف آن سیم یا دم اسب بسته شده بود
اِقَده مِکَشیدن توش تا دونه‌دونه مشد., آن قدر میکشیدن روی نشاسته تا دانه دانه میشد
هَنو تا چن سال پیش هم پالوده را ایرو دُرُس مِکِردن، دُونُکاش اقّه جون و خَشُک بود., هنوز تا چند سال پیش هم فالوده را اینجور درست می کردند مغازه هاش اینقدر قشنگ و خوشگل بود
حالا دیه کسی رانَمِبَره ایچون درس کنه، مواد را داغَکی می‌ریزن تو تُرُشبالایی که رو یتا تشت یا بشکه اُویخ هِشته و همزنُک برقی همِش مزنه تا هَدِ اورسکی ترشبالا نشاسه داغ مثِ گوشت چرخ کِرده در ره و بریزه تو اُویخ تا دونه دونه بِشه., حالا دیگر کسی بلد نیست مواد را اینجور درست کند به صورت داغ داخل آبکش میریزند که زیر آن یک لگن یا بشکه آب یخ گذاشته شده و با همزن برقی هم زده میشود تا از سوراخهای آبکش نشاسته داغ مثل گوشت چرخ کرده در بیاید و داخل آب یخ ریخته و دانه دانه بشود.
ترشبالای پالوده شیرازی شبات کلاه شعبده‌بازا مِده و سوراخاش ریزتَرُکه., ان روزها نشاسته را که می پختند
یه چیزی مثِ گوشکو، رو مواد فشار میاره و از اونطرف میریزه تو بشکه اُویخ و پالوده که درس مشه مزارن تو یخچال., چیزی شبیه گوشت کوب روی مواد فشار وارد می کند و از آن طرف داخل ظرف آب یخ ریخته و فالوده که درست شد داخل یخچال می گذارند
پالوده یزّی را میریزن تو پاتیل و با کَمچلی میریزن تو کاسُکای کِواره‌ای یا چینی، یتا خالُک شیره و یتا پِسُک تخمِ قرفه و پلِقُکین گُلُو میریزن توش و با قاشق مُخورن، بعضیاهن سر مِکَشن., فالوده یزدی را داخل ظرفهای بزرگ می ریزند و با ملاقه داخل کاسه های سفالی یا چینی میریزند یک مقدار خیلی کم شیره و کمی تخم خرفه و خیلی کم داخل آن گلاب میریزند و با قاشق بعضیها میخورند هم هورت میکشند
قدیم‌مَدیما خو اقَّه میوه تو هر فصلی پیدا نمشده، دوکونا، توِسّونِ گرما به جای بعضی آت و آشغالایی که حالا هه، پالوده و یخ در بهشت و اُوپره مِفروختن., قدیم قدیمها که اینقدر میوه در هر فصلی پیدا نمی شد مغازه ها در تابستان گرما به جای بعضی مواد غیرمغذی که الان هست فالوده و یخ در بهشت میفروختند
مِگِد خطِ تولید یخ‌ در بهشت را بِگم؛ زیادیتون مشه باشه., میگویید طرز تهیه یخ در بهشت را بگویم خیلی برای شما زیاد میشود باشد
ترگُلُک, خوشگل
اووَختا اقه مثِّ الان عیددیدنی نمرفتِم، اگرَن مرفتِم، برا خیکون نمِرفتِم!, آن زمانها مثل الان عید دیدنی نمی رفتبم اگر می رفتیم برای شکم نمی رفتیم
نوروز، زَنا که هم مِرَسیدن، مَلَچ مُلوچ ماچ هم مُخوردن و مگفتن دلتونن هممزنه!, نوروز زنها که به هم می رسیدند همدیگر را بوس می کردند  و می گفتند دلتان به هم نخورد
طرفم مِگُف حَض مُکنَم، ماخُو سرون نمشد, طرف مقابل می گفت حض می کنم من که سر در نمی اورم
نمِفَمیدم دلشون چی چی هم مزنه و چرا حض مُکنن, نمی فهمیدم دل شان با چی هم می خورد و چرا لذت می برند
حالا هم‌خو همزنُکای برقی اومَده و جَلدی می تونه همه‌چیا هم بزنه و آدم حض کنه., حالا که هم زن های برقی آمده است و سریع می تواند همه چیز را هم بزند و آدم لذت ببرد
ما یَه‌رو رفتِم خونه‌ی یتا قیش و قوما., ما یک روز  خانه یکی از قوم و خویش ها رفتیم
دخترُکِشون خندُکِ من کِرد., دخترشان به من می خندید
منم خندُکِش کِردم., من هم به او خندیدیم
من خیا مِکردم چون کوچیکترِ من بود، باد عیدیش بدم،, من خیال می کردم جون کوچتر از من بود باید به او عیدی بدهم
برا همین یخوده این‌پا اون‌پا شُدَم و ایَد اوَدا نگاه کِردَم, برای همین یک لحظه صبر کردم و این طرف و آن طرف را نگاه کردم
یتا دوتومنی آهنی هَدِ او تُتُرُک کِردم،, یک دو تومنی فلزی سمت او قل دادم
اوهم خنده کِرد و هَدِ من تُتُرُک کِرد و گف نَمُخام،, و او هم خندید و سمت من قل داد  و گفت نمی خواهم
خیالای بد نکند دخترُک لَچَک سرش بود و چادرن داشت., خیال های بد نکنی دخترش روسری سرش بود و چادر هم داشت
آدم پُری که پَستویی باشه، اعتماد به نفسِش میا پایین., آدم که زیادی گوشه گیر باشد اعتماد به نفسش پایین میاد
ما را پُری بد بار اُرده بودن و چَش و گوشون بسَّه بود., ما را خیلی زیادی بد بار آورده بودند  چشم و گوش مان بسته بود
حالاهن پُری چَش و گوشا وا شده!, حالا هم زیادی چشم و گوش ها باز شده است
نمیدونَم چرا هَمَش باسی یَهدِ بون تگ اُفتِم., نمی دانم چرا همیشه باید از یک طرف بام بیفتم
اوروزا بونا کُلُمبو داشت و دیر هم مِجمبیدی،, آن روزها بام ها طاق ضربی داشت و اگر دیر تکان می خوردی
گُمپَسی مُخوردی زمین., با صدا می خوردی زمین
اما دیفال داشت و کسی پایین نمیفتید., اما دیوار داشت و کسی پایین نمی افتاد
حالا خو بونا صافه!, اما الان خب  بام ها صاف است
چِطرَ که هی میفتیم پایین!, چطوری است که ما پایین می افتیم
یتا دیک اُوِش مُکُنن، مِلَّن رو اجاق و نرمه قند و نبات یا شکر میریزن توش, داخل یک دیگ آب می ریزند روی اجاق می گذارند و کم کم قند و نبات یا شکر داخلش می ریزند
یَخُده ای هم مزنن تا جوش بیا., یک ذره ای هم می زنند تا به جوش بیاد
وختی شیره دره میجوشه، با کفگیر آت و آشقالُکای روشا ورمِدارن., وقتی شیره دارد می جوشد با کفگیر آت و آشغالهای روی آن را بر می بردارند
شیره ای که با شکر دُرُس مشه پری آت و آشقال ندارَت و آراهه؛, شیره ای که با شکر درست می شود زیادی آت و آشغال ندارد و یکدست است
اِگَنا باسی یتا تُخ بشکنن و این کُل اون کُل کنن تا سیفیده و زردَش سِوا شه, اگر قرار باشد یک تخم مرغ بشکنند و این طرف و آن طرف بکنند تا سفیده و زرده اش جدا بشود
اووَخ سیفیده را بیریزن تو شیره و کفِ روشا بیگیرن تا شیره سیفید و جون شه., آن وقت سفیده را  داخل شیره بیریزند و کف روی آن را بگیرند تا زمانیکه شیره سفید و قوام بیاید
اگه بُخان شیره شکرُک نشه،, اگر بخواهند شیره شکرک نزند
یتا پِسُّک جوهر لیمو یاچن تا پَشُفتُک اُووِلیمو میریزن توش و میزارن یه ربع دیه بیجوشه., یک ذره جوهر لیمیو یا چند قطره آب لیمو داخلش می ریزند و می گذارند یک ربع دیگر بجوشد
شیره که آماده شد و سرت شد مُکُنن تو یتا ظرفِ بولور و مِلَّن رو میز و دِپَسّا ایرا نگا در مُکنن،, شیره که آماده شد و سرد شد داخل یک ظرف بلور می ریزند و روی میز می گذارند  و مرتب آن را نگاه می کنند
ایرا نگاه ظرف بولور و هی آه مِکشن، هی آه مِکشن و وختی مُنده شدن، وَمیخنن مِرن پی کارشون., از یک طرف به ظرف بلور نگاه می کنند و  هی آه می کشند و وقتی خسته شدند بلند شده و دنبال کارشون می‌روند
یادِش به خیر! یَه روزی تو یَز، از آسمون، چیزُکای سیفیدی میمد که ما واشِش مِگفتِم برف., یادش بخیر ! یک زمانی تو یزد ، از آسمان ، چیزهای سفیدی می آمد که ما به آن برف می گفتیم
مگفتن برف اول را خوب نی بُخورن و دوباره که برف میمد، شیره مِرختم روش و مُخوردم. مث یخ در بهشت مِشد., می گفتند برف اول را خوب نیست بخورند و دوباره که برف می آمد، شیره رویش می ریختیم و می خوردیم . مثل یخ در بهشت می شد.
سیب کلوغُک, طرز تهیه سیب زمینی کلوخه
سیبک را با کلوغ، یتری مپزن که خیلی خش مشه, سیب را با کلوخ (گل سفت شده ) طوری می پزند که خیلی خوب و خوشمزه  می‌شود
اوروزاخو مث حالا نبود که بچا کاری نکنن و توسّون و زمسونشون یکی باشه., آن زمانها مثل الان نبود که بچه ها کاری انجام ندهند و تابستان و زمستان شان یکی باشه
ایروخو نبود که همش از این آموزشگاه به اون آموزشگاه برن و پییر - مادرن راننده شخصیشون باشن.(اتول دار), به این شکل نبود که از این آموزشگاه به آن آموزشگاه بروند و پدر و مادرها راننده شخصی شان باشند (دارای اتوموبیل)
پُسر و دختر کار مکردن و کارشونن، زنونه مردونه نداش.(حمون خو نبود!), پسر و دختر کار می کردند و کارهایشان، زنانه و مردانه نبود (حمام هم آن موقع نبوده است که زنانه و مردانه داشته باشد )
قدیما، وختِ کَندن سیب زمینی، مردا با بیل زمین را مِکندن و زنا و بَچا سیبُکا را جم مِکِردن., قدیم ها، وقت کندن سیب زمینی، مرد ها با بیل زمین را می کندند و زنان و بچه ها سیب ها را جمع می کردند
بعدِ کَندنِ زمین، هموروز یا صباش با کلوغ، اتاقُکِ گنبدی شکلی درست مکردن به ارتفاع نیم متر، پرُ پُرشن یَه متر، یتا دریچُکَن  پاینِش مِزاشتن و هیزم مکردن توش و آتیش مزدن؛, بعد از کندن زمین همان روز یا صبح روز بعدش با کلوخ اتاقک گنبدی شکلی درست می کردند به ارتفاع نیم متر حداکثر یک متر یک دریچه هم پایینش می گذاشتند و داخل آن هیزم می ریختند و آتش می زدند
هروَخ  هَدِ اوهَدِ کلوغا که تُو بود سیفید مشد، کوره آماده بود. تُو این فاصله، بَچُکا، باد مِگَشتن هرچی سیبک که مونده بود  را جم مکردن و میوردن., هر وقت آن طرف کلوخ ها که داخل بود سفید می شد کوره آماده بود. در این فاصله بچه ها باید می گشتند هر چی سیب که باقی مانده بود را جمع آوری می کردند و می آوردند
سیبکا بیشتریش کوچیکُک بود. بعد از آماده شدنِ کوره، آتیشا را در میوردن و سیبکا را مِشمُردن و مِرِختن توی کوره و با بیل کلوغا را روی سیبکا  نرمِ هم مکردن و یتا هن سیبک کوچیکُک بالای این تَل، زیر خاک مکردن و گا یَوار وارَسیش مکِردن، چون این نیشونه‌ی پخته شدنِ سیبا بود., سیب ها را می شمردند و در کوره  می ریختند و با بیل کلوخها را روی سیب ها خرد  می کردند  و یک عدد سیب کوچک بالای این تپه زیر خاک می کردند و گاهی اوقات بررسی ش می کردند چون این نشانه پخته شدن سیب ها بود
وختِش که مشد از پایین با سیخُک دونه دونه مشمردن و در میوردن., وقتش که می شد از پایین با سیخ تک تک می شمردند و در میاوردند
مِگِد چی چی را در میوردن!؟, مگر چه چیز را در می آوردند!؟
معلومه خو سیبکا را! پَ مُخاسِّت سیبک بُکنند زیر خاک پراید در بیارن!, معلوم است خوب سیبها را! پس می خواستید سیبها را زیر خاک بکنید  پراید در بیاورید!
سیبکا را داغ و نشُسَّه هموجا با پوس مُخوردن، بعضییاهَن بی پوس نمُخوردن، کی به کیه!؟, سیب ها را داغ و نشسته همان جا با پوست می خوردند، بعضیا هم بی پوست نمی خوردند، کی به کی هست!؟
حالا برا چی چی اینا را مشمردن؟ گاس می‌بینی مُخاسّن حسابشون قوی بشه؟ یا..., حالا برای چی این ها را می شمردند؟ شاید می خواستند ریاضی شان(حسابشان) قوی بشود؟ یا ....
یَه‌روز یَتا دونه شاه، تو کوچه پس کوچُکا رُو شده بود., یه روزی یک پادشاهی در کوچه پس کوچه ها میرفت
اَی مردم، ورمِجِسَّن و شادی مِکردن و شولو لولو سر مِدادن., مردم هم بالا وپایین میپریدند و شادی میکردند وکل می کشیدند
همیشه ایرُوئه!, همیشه همینجوری است
تو رو با پشت سر، از زمین تا آسمون فرق مُکُنم., تورو از پشت سر از زمین تا آسمون فرق میکنم
گاس می بینی هن حق داشته باشِم., شاید می بینی هم حق داشته باشم
نقد اگر تعریف باشه، خوبه!, نقد اگر تعریف باشد خوب است
اِمرو جُمَه هَتُ خودُم به جونِ خودُم داوطلب شدم ناشتایی دُرُس کنم., امروز جمعه است وخودم به جون خودم داوطلب شدم صبحانه درست کنم
حالا جَلدی بُلَن نَشِد برام اسفن دود کُنِد!, حالا زود بلند نشوید برایم اسفند دود کنید
تو شولوق پولوقیا، یَتا بچُک یتیم که نمی تونِس نِفَش را بالا بکشه؛ فضولیش گل کِرده بود و پرسید:, توی شلوغ پلوغیا یکی بچه یتیم که نمیتوانست شلوارش رو بالا بکشه
گَلِ تاج پادشاه چی چیه که اِقَّه اُلوّو داره و جون و خَشُکه؟, فضولیش گل کرده و پرسید
یه‌نفرگف: ما چه مِدونِم., به تاج پادشاه چی هست که انقدر برق میزند و خوشگل است؟
هرچی هه، باسی گیرون باشه., یه نفر گفت ما چه میدونیم هرچی هست باید گرون باشه
یَتا پیره زنیکُک غوزی؛ اومد جلو و گُف:, یه پیرزنی که پشتش غوز داشت اومد جلو و گفت
اینن، اشک چشا من و خون دل شماهه., این اشک چشم من و خون دل شماست
چون شدی پیر و ضعیف و منحنی, وقتی پیر و ضعیف و خمیده شدی
پرده های لاابالی می زنی!, پرده های لاابالی گری را کنار میزنی
ما را با رَخت و پِرَنای پاره پوره و نونِ بُخور نمیر، گول زدن., ما را با لباس و پیراهن های پاره و نون بخور و نمیر گول زدن
کَسِ غیره ای نیسّسِد، خودونن بازیون میاد., شما که غریبه نیستید خودمان هم مقصریم
دُمبال تشویقی و لوح تقدیر و دَسَّه ی کفگیرِم., دنبال تشویقی ولوح تقدیر و دسته ی کفگیر هستیم
این پادشاه فهمیده ما گوسفندای خوبی هسِّم و کاری به کارِش ندارِم., این پادشاه فهمیده ما گوسفندهای خوبی هستیم و کاری به کارش نداریم
اون پارسایی که مَزرا مِخرَد و ملک و املاک رو هم مُکُنه، دزّه و اون پادشاهی که مال رعیت مُخوره گدا و لکین پاهه., ان پارسایی که مزارع میخرید و ملک و املاک جمع میکنه دزد است و ان پادشاهی که مال رعیت را میخورد گدا و بیچاره است.
اشک چشِ یتیما را نگاه کن، اووخ مِفهمی، این گوهری که اقَّه گُنده هه، نورِش از کجا میاد., اشک چشم یتیمها را نگاه کن ان وقت میفهمی این گوهری که انقدر بزرگ است نورش از کجاست
همیشه هن ایرُو نی., همیشه هم اینطوری نیست
نمِشه بگن هرکه پولداره، دزه و هرکه پول نداره، مالِشا خوردن., نمیشود بگویند هرکسی پولدارد دزد است و هرکسی پول ندارد مالش را خوردند.
نباسی پُری قانع باشِم., نباید زیاد هم قانع باشیم
همه می تونن همه چی داشته باشن., همه میتوانند همه چیز داشته باشند.
یخده ای باسی فکرا عوض بشه., کمی باید فکرها عوض شود
بعضیا رانمبرن، میان فکرشونا عوض کنن، خودشون عوضی مِشن., بعضیا راهش را بلد نیستند، فکرشان را عوض  می خواهند بکنند، خودشان عوضی میشوند.
همه چیا همه که می دونن., همه چیز را که همه میدونند.
تو شهر ما یتا ذرُّک فرق مُکنَتُ و مشه بگن، همه، همه چی می دونن!, در شهر ما  کمی فرق میکند و میشود بگویند که همه همه چیز میدانند.
منم مثِ همه دیه، با اینکه یه عالمه کار رامبرم؛ یه عالمه کارن، رانمبرم., من هم مثل همه دیگران هستم، با اینکه کار های زیادی بلدم؛ خیلی کارها را بلد نیستم.
زشته‌خو یه چیزی بلد نباشم، هرکه هرچی بپرسه، چرت و پرتی بلغور مُکنم., زشته که یک چیزی را بلد نباشم هرکسی هرچیزی بپرسد یه چرت و پرتی جوابش را میدهم
یتا کارکایی که رانمبرم، آش پختنه., یکی از کارهایی که بلد نیستم آش پختن است.
کَسِ غیره ای نباشِد، آش پزی کِردن خشوم نی., غریبه که نیستید از آشپزی کردن خوشم نمی اید
حالا بیبینِد چِطَر مِگم که یعنی بلدم!, حالا ببینید چگونه میگویم که یعنی بلدم!
تو حساب باشِد نخورِد! یهو یه باکیتون مِشه., حواستان باشد نخورید که مریض شوید.
برا پختن آش، پروام نمِشه، نخود لوبیا را شو بیخیسونم که صب مخام آش بپزم. اما نالاجم., برای پختن آش حوصله ندارم نخود لوبیا را از شب قبل خیس کنم که صبح میخواهم آش بپزم. اما ناچارم.
چغندرک پوس کِردنن کارِ ناخشیه., چغندر پوست کردن هم کار سختی است.
تازه پوس کردن تناهین خو نی., تازه پوست کندن تنها هم که نیست
پوس کنم و خُرت کنم و با نخود لوبیا بار بیزارم و عدس و برنجشن بکنم!, پوستش را بکَنم و خرد بکنم و با نخود ولوبیا بگذارم بپزد بعد عدس و برنج به آن اضافه کنم.
وختی هن ایرا، اینا دره پخته مشه، اورا گوش بپزم و هادر باشم زرچوئه و پیاز و فلفل و نمک یادم نره., وقتی از ان طرف اینها در حال پخت هست از طرفی گوشت را هم باید بپزم و مواظبش باشم
بعد این همه زحمت، اینا و اونا رو قاطی پاتی کنم و بلَّم خوب بیجوشه و نمک چشُک کنم تا مزش خش شه., بعد از این همه زحمت همه روبا هم قاطی میکنم و میگذارم تا خوب بجوشد و نمکش را بچشم تا مزه اش خوب شود.
ناخش ترَن اینه که تو این فاصله نمشه هی گَلِ موبایل بن شن., بدتر ازاینها هم این است که توی این فاصله نمیشود گوشی را دستت بگیری
تازه باس برم هُرهُر اشک بیریزم، پیاز خرت کنم و با زرچوئه و نعنا خُش سرخ کنم., تازه باید برم زار زار اشک بریزم، پیاز خرد کنم و با زردچوبه و نعنا خشک سرخ کنم
چقه هن این لَچَه ی یزّی خَش و خِش و خُش داره., چقدر هم این لهجه ی یزدی خوشگل و خشت و خشک داره
پیاز و نعنای سرخ شده را بیریزم تو آش و هی هم بزنم، هی هم بزنم و اُو انار یا رب انارشن بکنم, پیاز و نعنای سرخ شده را در آش بریزیم و دائم هم بزنیم، دائم هم بزنیم وآب انار یا رب انار هم میریزیم
صَب کنم یلا دیه بیجوشه., کمی صبر میکنیم تا یکبار دیگر بجوشد.
مرد تو خونه مث شاهه. باد هی دستور بده و داد بزنه سر ضعیفه؛ بپز! بیریز! بیار! ببر! ..., مرد در خانه مثل شاه هست باید دائم دستور بدهد و داد بزند سر خانمش بپز بریز بیار ببر..
آخ کلَّم. زن چرا مزنی چی چی میگی؟, آخ سرم زن چرا میزنی چی میگی؟
چرا ایرووَکی چش غره می ری و هی اشاره مکنی؟, چرا اینجوری چشم غره میری ودائم اشاره میکنی؟
این ظرف و کاسهن چقَّه پچُل مشن., این ظرف و کاسه ها هم چقدر کثیف میشوند.
هیلخب رفتم بیشورم؛, خیلی خوب رفتم بشورم..
چقه بیشورم که ایرو چیزکایی مروسم., چقدر بشورم و بسابم
پشت و پَسَلِ زندونِ اسکندر؛ اووَتَرُکِ خونة لارییا، تو مَلة یُوزَّرون، پُسردایییُم، یَتا دوکونِ قناتی داشت که من گایَوار مِرَفتم کُمَکِش مِکردَم., پشت زندون اسکندر کمی ان طرف تر از خونه لارییها در محله یوزرون پسر دایی من یه دکان قنادی داشت که من گاهی اوقات می رفتم و به او کمک میکردم.
پُسرداییم دُرُس حسابی بود و خَشُک و جون؛ مثِ خودون!, پسرداییم آدم خیلی با شخصیت و خوشگل مثل خودم  بود
هیشوخ کلاه سرِ کسی نمِذاشت و کلاهِ کسی‌هَن را ور نمِداشت., هیچ  وقت گرون فروشی نمیکرد و کلاه سر کسی نمیگذاشت
بهتر بود کلاه‌فروشی مِکِرد، گاسنی درآمدِش بیشتر بود و بیمه و بهداشت و دارائی و اماکن و... هم گیر و گازِش نمِذاشتن و مجبورد نمِشُد دوکونِ قناتیشا جمع کنه و بره گابداری کنه., بهتر بود دکان کلاه فروشی میزد شاید درآمدش بیشتر بود و اداره بیمه و دارایی و اماکن و ... به او گیر نمیدادند و او مجبور نمیشد مغازه شیرینی فروشی را تعطیل کند و گاوداری بزند .
خداسرشاده، کارِش آرا بود و از پَچُل‌پوچولی و گَله‌گولِ هم کِردنِ آت و آشغال خوشش نَمیمَد و پَخله‌پز نبود., خدا گواه هست کارش خیلی خوب بودو از کثیفی و قاطی کردن هر مواد مضری خوشش نمی آمد و آشغال پز نبود .
باقلوای سه‌سیخِش، قَدِ هَفَش سیخ مییرزید و قطابِش نگو، باقلوا!, با قلواهای کوچیکش اندازه کل باقلواها ارزش داشت و قطابهاش هم که از خوشمزگی مثل باقلوا بودند
تو میونة قطاب و باقلوا، نونِ خشکی و نرمه‌شیرینی پارسالی نمِکِرد و همَش مغزِ پسَّه و بادوم و گردو و هِل و ایرو چیزُکا بود., وسط قطاب و باقلواهایش از نون خشک و نرمه های شیرینی پارسال استفاده نمیکرد و کلا مغز پسته وبادام و هل و اینطور چیزها بود.
حالاخو دیه هیشکه نونِ خشکِ مرغی گیرِش نمییا بُکُنه تو قطاب؛, حالا که دیگر هیچ کس نان خشکی که برای مرغ کنار گذاشته شده هم گیرش نمی اید تا درون قطاب بگذارد.
چون نون گیرونه و همه، خمیرُکاشن را موخورن و اگرَن خشک کنن، باش مُشتُک دُرُس مکنن., چون نان گران شده است و همین خمیرهایش را همه میخورن و اگر هم خشک کنند با ان نان خشک کوبیده شده و فشرده درست می کنند.
غیر از اینا، تو شهر پشکول‌آباد وسطا کار تولیدی و فرهنگی مشکله و اقدر آدَما اذیت مکنن که جا ملَّه مره دنبال دلّالی., غیر از همه اینها تو شهری که آشغالها جمع میشود وسط کار تولیدی و فرهنگی خیلی مشکل است و اینقدر آدم اذیت میشود که کار را رها میکند و دنبال دلالی میرود.
بهتره هرکه مُخا پولدار شه، قطاب و باقلوای آماده بخره و شو عید و عید، تو راه مهمونای نوروزی به اسم حاجی خلیفه فولونی بفروشه., بهتر این است که  هرکس میخواهد پولدار شود قطاب و باقلوای آماده بخرد و شب عید و جشن کنار خیابون ها سر راه مهمان های نورزوی به اسم حاج خلیفه معروف بفروشد.
آبروی یز به کی چه؟! منم بُلَن شم برم دس‌فروشی کنم که خربزه اُووه., یزد به کسی ربط دارد؟ من هم بلند می شوم بروم دستفروشی کنم که از فروش خربزه حداقل آب بدست بیاورم.
نقل نخل برداری, نخل (تابوت)
پیکر امام حسین(ع) را روی شاخُکای درختِ خرما هِشتن و تا محل دفن بردن؛, پیکر امام حسین را روی چوبهای درخت خرما گذاشتند و تا محل دفن بردند.
گاس‌می‌بینی خاطیری همینه که اسمِ این سازة عظیم را که حجیم بودنِش نیشونة عظمت و بزرگواری امامه گذاشتن نَخل., شاید میبینی بخاطر همین هست که اسم این سازه بزرگ که حجیم و بزرگ بودن ان نشانه عظمت و بزرگواری امام هست را نخل گذاشتند.
یَتا مِگه، این اسم، خاطیری اینه که اصلِش از جنوب‌غربیِ بین‌النهرین هَه., یک نفر میگوید این اسم بخاطر این هست که اصالت ان از جنوب غربی بین النهرین هست
یَتا دیه، نخلا نمادِ تابوتِ عهد(همون صندوقی که خداوند برا مادرِ حضرتِ موسی(ع) فِرِسید) می‌دونه., یک نفر دیگر نخل را نماد تابوت عهد حضرت موسی میداند (همان صندوقی که خداوند برای مادر حضرت موسی فرستاد)
نخل، شبیهِ خیمای امام حسین(ع) هم هَه., نخل شبیه خیمه های امام حسین هم هست
گاسَن‌می‌بینی منظور، نَنیِ امام حسن و حسین(ع) بوده. هرچی هَه، تو یَز  وَشِش مِگَن نَقل., شاید میبینی منظور گهواره امام حسن و امام حسین ع بوده هرچیزی در یزد هست به ان نخل گفته میشود.
یَه‌جایی خونده بودَم، وختی سیاوش کشته شد، چون پادشاه بود،, یک جایی خوانده بودم سیاوش وقتی کشته شد چون پادشاه بود،
ایرو با تختِ روان او را برگردوندن تو کشورِش؛ یعنی ایرونیا قبل از اسلام هم نَقل‌برداری داشتن., همین طور با تخت روان جنازه اش را به کشور برگرداندند یعنی ایرانیها قبل از اسلام هم نخل برداری داشتند.
یَزیّا، قدیماهن وختِ جشن و سرور، نَقلی را با گُل تزئین مِکِردن و جلو عاروس مِبُردن., یزدیها قدیم ها هم موقع جشن و شادی نخلی را با گل تزیین میکردند و برای عروس میبردند.
برا عزاداری‌شونه نقل‌ بر مِداشتن., برای عزاداری هایشان هم نخل برداری میکردند.
نَقل از کُندة درَخ دُرُس شده و شَباتِ درختِ سرو مِده، عومَّة مردم، سروا نیشونة جاودونَگی و زندگی اُخروی و آزادگی می‌دونند., نخل از چوب های درخت درست شده و شبیه درخت سرو است، عامه مردم سرو را نشانه جاودانه بودن و زندگی آخروی و آزادگی می دانند.
ایروئَکی‌هن مِشه گُف: «نقلِ واقعة کربلاهه»., اینطور هم میشود گفت : نخل نماد واقعه کربلاست
نَقل‌برداری، ویژگیِ منحصر بفرد عزاداریِ یزیّاهَتُ از شهرا و کشورای دیه، برنامة سفرِشونا یَطری میریزَن که تو این مراسِم باشَن., نخل برداری ویژگی منحصر بفرد عزاداری مردم یزد است و از شهر و کشورهای دیگر هم طوری برنامه ریزی برای سفر میکنند که در این ایام و در این مراسم باشند.
نقل حسینیة شاه‌ولی تفت؛ گُنده‌ترین نقله که قَدِش 11متره., نخل حسینیه شاه ولی تفت بزرگ ترین نخل هست که ارتفاعش 11 متر است.
نقلِ میدونِ‌شاه یا چه می‌دونَم، چارراهِ بعثت 9متره و نقل میدونِ میچَماغ که به نقلِ حیدری‌ها معروفه 5/8متره و مِگَن 450سال قِدمَتِشه؛, نخل میدان شاه (سابق) یا نمیدانم چهار راه بعثت فعلی ارتفاعش 9 متر است و نخل میدان امیرچخماق که معروف هست به نخل حیدری ها (خاندان حیدری ها ) ارتفاعش 5/8 متر است و می گویند قدمت 450 ساله دارد.
یعنی برا زمونِ صفویه‌هَه., یعنی برای زمان صفویه هست
این نَقلای قدیمی و باستانی که ممکنه بشکَنه را وَر نَمِدارَن، نقلِ بِعثَتَن‌خو جا و جُمِ دور و بَرِش کَمَه و نمِشه وردارن., این نخل های قدیمی و باستانی که امکان شکستن آن هست را بلند نمی کنند نخل بعثت هم بخاطر جای کمی که دور ان هست و فضا کم هست و نمیتوانند از جا بلند کنند.
نقلِ مَلة کوچه‌بیوک را صُبِ عاشورا ورمِدارن و نقلِ خیراباد، یَه‌سات مُنده به ظهرِ عاشورا. نقلِ اشکذرَن عصر عاشورا وَهِشته مِشه., نخل محله کوچه بیوک را صبح عاشورا بلند می کنند و نخل خیرآباد یک ساعت قبل از اذان ظهر عاشورا نخل اشکذر هم عصر روز عاشورا بلند میکنند.
بعضی حسینییا تقّای شش‌گوشه‌ای وسطِشونه که پیشِش مِگَن کَلُک., یعضی از حسینیه ها سکوی شش گوشه ای وسط انها هست که به آن سکوی مرکز حسینیه می گویند
نقل را دورِ این که مثِ ضریح‌ِ امام شش‌گوشه داره مِچرخونن؛ به نیت 14معصوم، 14بار یا 3بار به نیت 3روز که بدنِ امام دفن نشده بوده., نخل را دور این سکو که مثل ضریح امام حسین شش گوشه دارد میچرخانند به نیت 14 معصوم 14 بار یا 3 بار به نیت 3 روزی که بدن امام دفن نشده بود .
این تقّا تو حسینیه شابُلقاسم هَتو نقل این حسینیه را بعد از ظهرِ عاشورا ور مدارن., این سکو توی حسینیه شاه ابوالقاسم هست و نخل این حسینیه را بعداز ظهر عاشورا بلند میکنند
چند رو قبل از نقل‌برداری باسی اونا بِبَندَن، امّا همه رانَمِبَرَن نقل ببندن., چند روز قبل نخل برداری باید آن را تزیین کنند اما به هرکسی اجازه بستن نخل را نمی دهند
خادمایی که نقل را مِبندن از پییَراشون یاد گِرفتن. چیزُکایی‌هَن که مِبَندَن گَلِ نقل، برا خودِش فلسفه داره., خادم  هایی که نخل را تزیین می کنند از بزرگترها و اجدادشان یاد گرفته اندچیزهایی را هم که به نخل آویزان میکنند دارای فلسفه هایی است
آئینُکای کوچیک و بزرگ؛ نیشونة نورافشونی پیکرِ امام(ع) هَه., آیینه های کوچک و بزرگ نشانه نورافشانی پیکر امام خسین ع است
چواِ نقل؛ به عنوانِ جنازة سیدالشهدا(ع)., چوبهای نخل نشانه جنازه امام حسین ع
سیاپوش کِردن؛ یعنی پارچه سیاهِ روی جنازه., سیاه پوش کردن یعنی پارچه سیاه روی جنازه است
شمشیر و نیزه؛ به علامت تیر و نیزای وارد شده بر بدنِ امام(ع)., شمشیر ونیزه به نشانه تیر و نیزه هایی که بر بدن امام ع وارد شده است
سروِ نقل؛ یعنی قد و قامت علی‌اکبر(ع)., سرو نصب شده بر بالای نخل یعنی قد و قامت بلند حضرت علی اکبر ع
عَلَم‌ها؛ به عنوان علمدارِ امام حسین(ع)., علم ها به منظور علمدار امام حسین حضرت ابوالفضل ع
پارچای زینتی؛ به عنوانِ حجله حضرت قاسم(ع)., پارچه های زینتی به عنوان حجله عروسی حضرت قاسم ع
سرِ طوقِ بالای نقل؛ به عنوان کاکُل علی‌اکبر(ع)., سر طوق بالای نقل به عنوان موهای افشان حضرت علی اکبر ع
زنگ‌هایی که قدیم مِبَسّن؛ به عنوان زنگِ کاروان امام حسین(ع) بوده., زنگ هایی که در قدیم به نخل میبستند به عنوان زنگ کاروان امام حسین ع بوده است
شواِ قبل از نقل‌برداری، یَلُک اونا جابه‌جا مُکُنن که برا روزِ عاشورا مشکلی پیش نیا., شب  قبل از نخل برداری یکبار آن را جابجا می کنند که برای روز عاشورا مشکلی پیش نیاید.
اونُکایی‌هن که مُخان بِرن زیر نقل و اونا بُلَن کُنن، یَخَده‌ای پشم یا پمبه یا کاه و ایرو چیزُکا را با دَسمال مِبَندَن سرِ کِفتِشون تا وختی زیرِ چواِ حَمّال مِرَن شونَشون زَخ نشه, ان کسانی که میخواهند زیر نخل بایستند و نخل را بلند کنند یه مقدار پشم یا پنبه یا کاه را میان دستمال گذاشته و به کتفهای خود می بندند که سر شانه هایشان زخم نشود.
نخل‌بردارا پابِرَنه مِرَن سَرِ جا خودِشون، چون هر پایه برا صنف و طایفه و مَله‌ای هَه و این حق به‌صورت موروثی رعایت مِشه., نخل بردارها با پاهای برهنه به سر جای خودشان میروند چون هر پایه ای برای شغل و طایفه و محله ای هست و این حق به صورت موروثی رعایت میشود
مثّ نصرابادِ پیشکوه که صنفای نجّار، آهنگر، قصاب، دبّاغ، سرّاج، میراب و ... برا خودِشون زیر نقل، جای خودِشونا دارَن., مثل روستای نصرآباد پیشکوه که شغل نجار ،آهنگر، قصاب، دباغ، سراج، کسی که آب میبرد و ... زیر نقل جای خودشان را دارند
وَختِ نقل‌برداری، یَتا راهبر که معمولاً از سادات هَه، جلواِ بدنة نخل، رو یَتا چو وامِسّه و نقل‌بردارا را هدایَتِشون مُکُنه., موقع نخل برداری یکنفر رهبر که معمولا از سادات هست جلو بدنه نخل روی یکی از چوبها ایستاده و نخل بردارها را هدایت می کند
دو نفر دیه‌هن مِرَن رو نُکِ نقل و یتاشون اذون مِگه و یتادیه‌شونن شِعرای محتشم کاشونی را موخونه., دو نفر دیگر هم روی بالاترین نقطه نخل میروند و یکی از آنها اذان میگوید و یکی دیگر شعرهای محتشم کاشانی را میخواند
گایَوارَن از بالا نَقل،نُقل و شوکولات مِپاشَن؛ هرکَه نذر کِرده، اینا را مِده تا از رو نقل بِپاشَن., گاهی اوقات هم از بالای نخل نقل و شکلات میپاشند هرکس نذر این ها را داشته میدهد تا از روی نخل بپاشند.
و این مراسِم چِقَّه گُو و گوسفند و شتر مُکُشن و گوشتاشونا بین فقیرا تقسیم مُکُنن یا باشون آشِ گندم مِپَزن., و در این  مراسم خیلی گاو و گوسفند و شتر میکشند و گوشتها را بین فقرا تقسیم می کنند یا با آن آش گندم می پزند
بعضی کشورای دیه‌هن یَه‌چیزی دُرُس مُکُنَن که مِگَنِش تَعزیره؛, در بعضی از کشور های دیگر وسیله ای با آن درست میکنند که به آن تعزیره میگویند
اونا تزئین مُکُنن و تو شهرا مِچَرخونن و مردمَن همراشون عزاداری مُکُنن و ظهر عاشورا، تعزیرا را مِندازن تو دریا یا رودخونه و اعتقاد دارن وختی تعزیره شِکِس، روح امام(ع) به آسمان صعود مُکُنه., آنها این وسیله را تزیین میکنند و در شهرها میچرخانند و مردم هم همراه آنها عزاداری میکنند و ظهر عاشورا تعزیر را در دریا یا رودخانه می اندازند و اعتقاد دارند هنگامی که تعزیر شکست روح امام ع به آسمان صعود می کند
سرِتونا درد نیارم، ایشالله سالِ دیه یتا دیه مراسِما به لَجَه یزیّ مِروِسم., سرهایتان را به درد نیاورم ان شاالله سال آینده یکی دیگر از مراسم ها را به لهجه یزدی مینویسم
خط تولید برنومده, طرز تهیه نوعی نان که خمیر آن تخمیر نشده
بیخود دلِتونا صابون نزنِد، این خطِ تولیده، آموزشِ آشپزی‌خو نی., الکی دل خود را خوش نکنید این یک خط تولیده آموزش آشپزی نیست
بِدوبِدو مِرَن تا گیرون‌تر نشده،, تند و تند میروند برای خرید تا گران تر نشده است.
یَک‌کیلو آرت مِخَرن و میان دَسا را با صابون میشورَن و لا ناخوناراهَن با سیخُک پاک مُکُنَن،, یک کیلو آرد میخرند و بعد دستها را با صابون میشورند و لای ناخنها را خوب با سیخ خلال دندونی پاک میکنند
بعدِش یَخَده‌ای آرت میریزن تو تِغار و با یَتا پیکُک نمک قاطی مُکُنَن؛, بعد یک مقدار آرد داخل ظرف بزرگ سفالی ریخته و با مقدار کمی نمک مخلوط می کنند
اگه زیرپوش یا پِرَنِ آسین‌کوتاه بَرِشونه‌خو، آسینشون ورمالیدة خدایی‌هه وگرنه آسینِشونا وَر مِمالَن و خمیر دُرُس مُکُنَن., اگر زیرپوش یا لباس آستین کوتاه به تن دارند، آستینها به صورت خدادادی بالا زده هست وگرنه آستینها را بالا زده و خمیر درست می کنند
شَخ‌شُلیِ خمیر پُری مهم نی امّا بهتره بَرا برنومده روغنی خمیر شُل‌تر باشه., شل بودن یا سفتی خمیر زیاد مهم نیست اما بهتر هست برای این نان که در روغن درست میشود خمیر شل تر باشد
حالا تا اینجا دل دندون گیرِد., حالا تا اینجا صبر کنید.
تُوو حساب بودِد تخمه‌گُلُک مِخَرِد کیلویی9000تومن ولی روغنِ اُفتوگردون هه کیلویی4000تومن، همه‌چی علاوه‌تره، صددَرَم تخمه، یَه‌مَن رُوُغن مِده!, حواستان بود تخمه آفتاب گردان کیلویی نه هزار تومان میخرید ولی روغن آفتابگردان کیلویی چهار هزار تومن هست همه چیز یه جور دیگه ای هست صد گرم تخمه مقدار زیادی روغن میدهد !
گولِ این روغنا را نخورِد و حالا که همه‌چی مفت و ارزونه، روغنِ خوب بِخرِد بُخورِد., گول این جور روغنها را نخورید و حالا که همه چیز مفت و ارزان هست روغن خوب بخرید و بخورید .
خَیلِخُب،سَفیل و سَلَندَرِتون نکنَم،, خیلی خوب دیگر معطل تان نکنم
روغن خوب و ارزونا میریزَن توو ظرف و مِزارَن رو آتیش، وختی کَمُکی داغ شد،, روغن خوب و ارزان را در ظرف ریخته و روی اجاق می گذاریم وقتی کمی داغ شد
یَتا مُش خمیر مِلَّن وسطِ روغنا و پهن مُکنن، گایَوارَن دَس تو اُو مِزَنَن که گَلِ دَسِشون نَچسبه و, یک تکه خمیر برداشته و وسط ظرف گذاشته و با دست پهن می کنند گاهی وقتها هم دست را با آب خیس کرده که خمیر به دست نچسبد.
خمیر جون پهن بِشه., و خمیر خیلی خوب در روغن پهن شود.
باد دو هَدِش سرخ بشه،, باید دو طرف خمیر سرخ شود.
برا همین باسی چندبار ایرا اوراش کُنَن., برای همین باید چند بار خمیر را زیر و رو کرد.
برنومده خیلی خَشه، امّا هرچی خشه‌خو نَباد پُر بُخورَن، هم خوبِتُوُن نی، هم پیشِتون مِگَن خیکو., این نان خیلی خوشمزه هست اما هرچی خوشمزه هست را نباید زیاد خورد هم برای شما ضرر دارد هم به شما شکمو میگویند.
برا پختنِ برنومده آرتی، ظرف را مِزارَن رو آتیش خُشک شَه و یتا خالُک آرت مِپاشَن تگِ ظرف و دستِشونا هِی آرتی مُکُنَن و خمیر را گِرد و نازک و خش پهن مُکُنن., برای پختن نان روغنی آردی اول ظرف را روی آتش گذاشته تا خشک شود و مقدار کمی آرد توی ظرف پاشیده و ته ظرف و دستها را مرتب آردی میکنند و خمیر را گرد و خیلی نازک و قشنگ توی ظرف پهن می کنند
یَلُک ضربِ آتیشا پُرتر مُکُنَن تا رَنگِ خمیر عوض بِشه و خمیرا پَسوارون مُکُنَن تا اورَسَکیش بِرَسَه., چند دقیقه شعله آتش را زیاد می کنند تا رنگ خمیر عوض شود و خمیر را برمیگردانند تا طرف دیگر ان هم سرخ شود
وختی نون آماده شد، داغَکی روغن شَلَّه دُمبَه مِمالَن روش و مُخورَن., وقتی نان آماده شد همانطور که داغ هست روغن آب شده روغن گوسفند روی نان مالیده و میخورند
یَرو صُبِ جُمَه ایرو نون بِپَزِد و ناشته شِد بیبینِد چِقَّه خَشه., یک روز صبح جمعه اینطوری نان بپزید و ناشتا بخورید ببینید چقدر خوش مزه هست
حالا تا شما مِرِد آرت بِخَرِد منم بِرَم خطِ تولیدِ روغنِ شَلَّه دمبه و جِزغالَه را بِنوِسَم., حالا تا شما می روید آرد بخرید من هم بروم خط تولید روغن دنبه و جزغاله را بنویسم
وَشُم گفتن خطِ تولیدِ پشمک را بنوِسم،, به من گفتند طرز تهیه پشمک را بنویسم
امّا اون شیرینی‌پزیی که من توش کار مِکِردم، پشمک دُرُس نَمِکِرد؛, ولی اون شیرینی پزی که من در آنجا کار میکردم پشمک تولید نمی کرد
هَمورُیی که حاجی‌بادوم دُرُس نمِکرد،, همانطوری که حاجی بادام درست نمی کرد
جالبه بیدونِد، نقل و سوهون و کیکِ تولدَن دُرُس نَمِکِرد., جالب هست بدانید که نقل و سوهان و کیک تولد هم درست نمی کرد
ولی اگه نَخوردِم نونِ‌گندم، دیدِم‌خو دسِ بچُکای مردم., ولی اگر نان گندم نخوردم دست بچه های مردم که دیدم
یادِش به‌خیر، وختی بچه بودَم، تو مله‌ی مسجدِ جُمَه، زیرِ بازارچه‌ی چارسوق، یَتا دوکونِ پشمک‌کَشی، تازه رو اُفتیده بود., یادش بخیر بچه که بودم توی محله مسجد جمعه (مسجد ملا اسماعیل) زیر بازارچه ی چهار سوق یک مغازه پشمک درست کردن تازه تاسیس شده بود
گایَوار هَدِ اورَسَکی رد مِشُدم و تو این کارگاه سَرُک مِکَشیدم و میدیدم چطور با دَس پشمک مِکَشن., گاهی وقتها از آنطرف رد میشدم و در کارگاه سرک می کشیدم و می دیدم چطوری با دست پشمک درست می کنند
هَنو دستگاه پشمک‌کشی نداشتن., هنوز دستگاه پشمک درست کردن نداشتند
شکر و آرد و سرکه و اُو و روغنِ جامد؛ موادِ اولیّه‌ی پشمکه. راسِشا بِخِد، رانَمِبَرَم طَرِ قاطی کِردنِ اینا را وَشِتون بگم، یَه‌کاریش مِکِردن که مثِ خمیرِ بازیِ زرد در مِیمَد., شکر و آرد و سرکه و آب و روغن جامد مواد اولیه ی پشمک هست راستش را بخواهید بلد نیستم طرز مخلوط کردن اینها را به شما بگویم ،به گونه ای کار میکردن که مثل خمیر بازی به رنگ زرد میشد
وختی من میدیدم، یَتا حلقه‌ی کَتُ کُلُف بود وسطِ تالِ گُنده و چن‌تا مرد دورِ تال واسیده بودن و دس مِنداختن تو این کِلاف و به کنارِ تال مِکشیدن،, ان موقع که من می دیدم یک حلقه ی خیلی کلفت وسط سینی بزرگ و چند تا مرد اطراف سینی ایستاده بودند و دست می انداختند وسط این حلقه خمیر و آن را به اطراف سینی می کشیدند
بعدِش یتا تُوِش مِدادن و مِنداختن روهم که مِیمَد وسطِ تال و این کارا اِقَّه مِکِردن تا پشمک، پشمک مِشُد., بعد یک پیچ به آن می دادند و روی هم می انداختند که خمیر تا وسط سینی می آمد و اینقدر این کار را تکرار می کردند که پشمک به صورت پشمک می شد
پشمک را باد تازه بُخورَن، چون گَلِ هم مِچَسبه و تخته مِشه., پشمک را باید تازه خورد چون به هم میچسبد و سفت میشود
امّا پشمکِ تازه خوردن، هَمیرویی که خشه، ناخشه؛ خوردَنِشا مِگَم، دسِ کمی از تولیدِش نداره. مخصوصاً اگه موقعِ خوردن، یتا آدم بی‌فرهنگِ اَلدَنگ، چَش لُک کنه و پشمک خوردنِ آدما نگاه کنه., اما پشمک تازه خوردن همانطور که خوشمزه هست بد هم هست خوردن آن را می گویم دست کمی از درست کردن آن ندارد مخصوصا اگر موقع خوردن یک آدم بی فرهنگ بیکاربا چشمانش زل بزند و پشمک خوردن بقیه را نگاه کند
بعضیا، پُشت و پَسَلُک که کسی نمی‌بینَدِشون، با کُوش مِرَن تو کُماشتون و چیزی موخورَن،, بعضی ها جاهای خلوت و اون پشت ها که کسی نگاهشان نمی کند با کفش در دیگ بزرگ میروند و چیزی میخورند
امّا تو جمع که میان، اَدااوصول تو خوِشون در میارن و مُخان بِگَن خیلی آنتیکَن؛, اما در جمع که می آیند ادا و اطوار از خودشون در می اورند و میخواهند ادعای باکلاسی کنند
دو انگوشتی و رشته‌رِشته، پشمک وَر مِدارن مِزارن تو دهن و تو‌حسابَن پَچُل نَشن که ایرو خوردن سارگَریّه., دو انگشتی ورشته رشته پشمک برمی دارند و در دهان می گذارند و حواسشان هست که کثیف نشوند که اینطور خوردن خیلی مسخره است
یَجور دیه‌هَن، با پَنگول یا همون چَنگولَ مُش مُکُنَن و مِلومبونَن که ایرووَکی‌هَن تو جمع، خارگَریه., یک نوع دیگر هم با پنجه هاشون مشت می کنند و در دهان می گذارند و تند و تند میخورند که اینطور هم در جمع خوردن خیلی زشت است.
راهِ آرُکِش اینه که یتا استکان وَردارَن و پشمک بُکنن توش و با انگوش فشار بِدَن، هرکَه قَدِ دَنِ خودِش؛ میتونه نصفِ استکان یا کم‌تر باشه., راه درستش این هست که یک استکان بردارند و پشمک را داخل آن بکنند و با انگشت فشار بدهند هرکس اندازه دهان خودش میتواند نصف استکان یا کمتر باشد
بعدِش کفِ دَسّا صاف میگیرن و استکانا دَمَرو موکوهَن کفِ دس و یتا کُچه مُکُنَن., بعد از آن کف دست را صاف گرفته و استکان را برمیگردانند کف دست و در داخل دهان می گذارند
حالا خو پشمکُکای قالبی اومده و نیازی به چنگول و پنگول و چنگال نیس., حالا که پشمکای قالبی هست  و نیازی به پنجه و انگشت و چنگال نیست
هَیلِخُب، دیه بَسِتونه؛ خیا مُکُنِد چون طَرزِ خوردنِ پشمکا بلَدِد باسی بُخورِد تا بِپُکِد., خیلی خوب دیگر بس هست خیال می کنید چون طرز خوردن پشمک را بلد هستید باید اینقد بخورید تا منفجر شوید
دیه گذشت زمونی که یَشِی مِدادن یتا گونی پشمک میسوندن، حالا، یتا گونی پولَن که بِدِد یتا پِسقالُک پشمکِتون مِدَن., دیگر گذشت زمانی که یک شاهی می دادند و یک گونی پشمک می خریدند حالا یک گونی پول هم که بدهید خیلی کم پشمک به شما می دهند
بُلَن شِد روّ و رو شِد و کَمُکی کار کُنِد؛ نترسِد بنا نیس بِسُوِد., بلند شوید راه بیوفتید و کمی کار کنید ؛ نترسید قرار نیست که از بین بروید
وَر باد نَدِه اِقَّدَه این زُلفِ چُلُفتَه, اینقدر زلف در هم خودت رو بر باد مده
بِیزار که وَر بَشنِ مُلِت یَخیده شُلُفتَه, بگذار که روی گردنت کمی آویزان باشد
این بی پَیری را که رَقیبوم شده اِمشو, این بی پدری را که امشب رقیبم شده است.
زَنجیل مِزَنَم اِقَّه تو فَرقِش که پَسُفتَه, انقدر زنجیر میزنم در فرق سرش تا پس بیفتد
هیشکه را نَمِلَّم که گَلِت بَن شَه عزیزوم, هیچ کسی را نمیگذارم بهت بند شود عزیزم
هر چی دِیَه از هر که شِنُفتی گَفِ مُفتَه, هرچیز دیگری از هرکسی شنیدی حرف مفت است.
جیرجیر مُکُنَه پیش تو مِثِّ بَچَه تِرناسک, پیش تو مثل بچه (یک نوع گنجشک) کوچیک و لاغر سر صدا (جیغ جیغ) میکند
اونوَخ تو خیالِت مِرَسَه خیلی کُلُفتَه, انوقت تو خیال میکنی خیلی بزرگ است
دِیشو که مَحَلِشّ نَمِذاشتی تو خَشوم شد, دیشب که محلش نگذاشتی خوشم امد
فهمید که بِساطِت دَر و بَس دارهَو چُفتَه, فهمید که وسایلش در جای در بسته و قفل است
این شَملَقِ شَخ شُل خودِشا مَسقَرَه کِردَه, این دراز شل و ول خودش را مسخره کرده است
سِف باش تا بِفهمه کی زیر جُف پاشا رُوفتَه, سفت باش تا بفهمد که کی زیر پایش را خالی کرده است
اِمرو دِیَه اوَبُردَه دُرُس بَرگاهِ شعرا, امروز دیگر درست روی بند شعر آب برده ( منظور شعر آبکی )
شعرش بیدون هر جا که فقط قافیه جُفتَه, این را بدان که این شعر فقط برای جفت بودن قافیه است
جُف کِردنِ شعر مُد شده هر چند «جلالی», قافیه کردن شعر این روزها مد شده، هرچند که مثل جلالی
هیشکه دِیَه مِثِّ تو اِیَچوّنی نگفته, هیچ کسی دیگه مثل تو اینجوری شعر نگفته است
کجا هسّی؟, کجا هستی
دوباره رفته خونه حق و همسايا کاری بکنه., دوباره رفته خونه  همسایه ها کاری انجام بدهد
اصلا این دسّ خودش نیس., اصلا این دست خودش نیست
همش کار، همش زحمت، چقه تو این حال نداریم زحمت کشید., تمام کار و زحمت، چقدر با این بی حالی من زحمت کشید
من این چن روز که هیچی کار نکردم., من این چند روز که هیچ کاری نکردم
هرچه در آورد، کِرد تو حلق من تا خوب شدم., هر چقدر درآمد داشت خرج من کرد تا حالم خوب شود
عجب! من چطو میتونم تلافی کنم؟, عجب من چگونه میتوانم جبران کنم
مادر! مادر! بیا، مخوام برم در؛, مادر مادر بیا میخواهم بیرون بروم
برم دمبال کار و کاسیبی. بیا کاریت دارم... مادر! اوی! آخ ننه, می خواهم دنبال کار و کاسبی بروم مادر آخ  ننه
در این هنگام، پیرزنی که چادرشب محمدآبادی وصله دار و رنگ و رو رفته ای به سرش داشت و قسمتی از صورت پرچین و چروک و بیشتر موهای فلفل نمکی او زیر چارقد چیت گلدار, در این هنگام پیرزنی که چادر شب محمد آبادی وصله دار و بی رنگ و رو و کهنه به سر داشت و قسمتی از صورت پر چین و چروک و بیشتر موهای جو گندمی (سفید و سیاه )او زیر روسری گلدار
مخفی شده بود، کلیدی به در شکسته بسته و تق و لق منزل انداخت و آن را باز کرد. پرده کرباسی کهنه پشت در را کنار زد و دوباره تجه را بست. با قدم های لرزان درحالی که پاهای خود را کلش کلش خاک می کشید به طرف اتاق رضا رفت., پنهان شده بود، کلیدی به در شکسته و تق و لق  خانه انداخت و آن را باز کرد پرده کرباسی کهنه پشت در را کنار زد و دوباره قفل چوبی  در را بست با قدمهای لرزان در حالی که پاهای خود را روی زمین خاک می کشید  به طرف اتاق رضا رفت
جوان که چشم به در دوخته بود، با دیدن پیرزن زیر لب گفت: «خدا را شکر اومد!» و بعد داد زد: « آخر کجا هسّی؟ مُخوام برم در, جوان که منتظر آمدن مادر بود با دیدن پیرزن زیر لب گفت خدا رو شکر آمد و بعد داد زد آخر کجا هستی میخواهم بیرون بروم
نه! اومدی نسازی، من دیه نَمی تونم سربارت باشم. باس برم., نه اومدی نسازی من دیگه نمی تونم سربارت باشم بایستی بروم
تو هیش وخ سربار من نبودی، این چن روزم از پولای خودت خرجت کِردم., تو هیچ وقت سربار من نبودی و این چند وقت هم از پول‌های خودت خرجت کردم
نا ننه، تو بازیت میاد، مُخوای دل منا خَش کنی، خبر همه زحمتات و بیداریای شباتا دارم، بیخود نگو., نه ننه تو شوخی می کنی می خواهی دل مرا خوش کنی خبر همه زحمات و بیدار خوابی شبهایت روادارم بی خود نگو
به خدا، به پیر، به صد و بیس و چار هَزار پیغمبر بیخود نَمِگم. خیلی از پولای دوا و درمونت مال خودت بود. به ارواح پیَرِت راس مِگم, به خدا به پیر به 124 هزار پیغمبر بی خود نمی گویم خیلی از پول‌های دوا و درمانت مال خودت بود به روح پدرت راست میگم
مادر بسه، من نَمُخوام اشکاتا بیبینم. دلم نمشنوئِه تو گریه کنی. همین جا توی اتاق بیشین تا من برگردم., مادر بس است من نمی خواهم اشکهایت را ببینم دلم راضی نیست تو گریه کنی همین جا توی اتاق بنشین تا من برگردم
خیل و خب، تو هم برو به امید خدا. اگر مشتری نبود، زودی برگرد. اوی! راسّی یادم اومد. حسین، آدم حاجیا، اومده بود دمبالت؛ خاطیری ناخوش بودی، نگفتمت. حالا برو سرشون اگر کسی را پیدا نکِردن، همونجا کار کن., باشد تو هم برو به امید خدا اگر مشتری نبود زود برگرد اوی! راستی یادم امد حسین حاجیها دنبالت آمده بود  چون بیمار بودی به تو نگفتم حالا برو سراغشان اگر کسی را برای کار پیدا نکردند همانجا کار کن
ننه، اگر حوضاشون خالی بود، زیاد تقلّا نکن. يخورده شا فردا بکش., ننه اگر حوضهایشان خالی بود زیاد تلاش نکن یک مقدارش را برای فردا بگذار
چَش، چَش، ننه تو بِرو تو، من زودی برمِگردم., چشم چشم ننه شما   داخل برو ،من زود بر می گردم
ننه درها را چهارتاق کرد تا آفتاب بعدازظهر، بیشتر در آن بتابد, ننه درهای اتاق را کاملا باز کرد تا آفتاب بعد از ظهر بیشتر در آن بتابد
تال استکان نعلبکی و قندان را از روی صندوق کنار اتاق برداشت که صدای تق تق در او را مجبور کرد تا آن را به زمین گذارد و به طرف در برود., سینی استکان نعلبکی و قندان را از روی صندوق کنار اتاق برداشت که صدای تق و تق در او را مجبور کرد تا آن را به زمین گذارد و به طرف در برود
جاروی نشککی را برداشت که روی حصیر بافقی جلوی در افتاده بود و زمین و فرش اتاق را خوب جارو زد., جاروی کهنه دستی را برداشت که روی حصیر بافی جلوی در افتاده بود و زمین و فرش اتاق را خوب جارو زد
اوی! صاب خونا، هسّد؟, آهای صاحب خانه ها هستید؟
ننه زهرا پسرت چطوره، ایشالله بهتر شده؟, ننه زهرا پسرت چطوره انشاءالله بهتر شده است؟
بله، امروز شکر خدا رو شده. رُو شد و رفت دمبال کار. فرمایشی داشتِد؟, بله امروز شکر خدا خوب شده  و بلند شد و دنبال کار رفت فرمایشی داشتید
میان دمبال پسرم. کاشکی همه مث شما بودن., دنبال پسرم می آیند. ای کاش همه مثل شما بودند
حالا به خدا بفرمِد تو, حالا تو را بخدا داخل منزل  بفرمایید
بی یِد هر چن منزل ما قابل نیس., لطفا  منزل ما تشریف بیاورید  هر چند قابل شما را ندارد
بفرمِد، هیشکه تو نیس. ما تنها هسّم., داخل بفرمایید، هیچ کس نیست. من  تنها هستم
نا، دلُم بَن بود., نه دلم آشفته است
اومده بودم احوالشا بپرسم., آمده بودم احوال شان را بپرسم
حوضون آب داره, حوض ما آب داره
یاد خدا باشِد که یاد ما هسّد, به یاد خدا باشید که ما را یاد می کنید
اگه شما از ما احوال بپرسد، همسايا ديه و کسرشون ممکنه اصلأ اسم ما ببرن., اگر شما فقط احوال ما را بپرسید سایر همسایه ها کسر شانشان می کند اصلا اسم ما را ببرند
فقط هر وختی آب مُخوان, فقط هر وقتی آب می خواهند
ننه بیا تو. به خدا زحمت نکش! فرصت نیس., ننه بیا تو بخدا زحمت نکش فرصت نیست
بیا یَخورده با هم گف بزنِم؛, بیا کمی با هم حرف بزنیم
مُخوام برم, می خواهم بروم
نیومده بودم اسباب زحمت شم, نیامده بودم تا باعث زحمت شوم
راسّی خوش اومدد., واقعا خوش آمدید
آفتاب کدو را دراومده؟, آفتاب از کدام طرف در آمده است؟
حتما سرتون گشته, حتما سرتان گیج رفته است که اینجا آمدید
استغفرالله! بعد هرگز تشریف اوردِد, استغفرالله! بعد از مدتی تشریف آوردید
به خدا نَمِذارم بِرِد., بخدا نمی گذارم بروید
چائی که قابلی نداره, چای که قابلی ندارد
بسه ننه. تارُف نکن، بیشین!, بس است ننه تعارف نکن و بنشین
الهی پیر شه، من تو کوچه پر می بینمش, الهی عاقبت بخیر شود من در کوچه زیاد او را می بینم
ین چن روز دلم خیلی بندش بود, این چند روز خیلی نگرانش بودم
خاطیری رو نبود, بخاطر اینکه سر پا نبود
خلاصه پسرت اگه گله، گله زن و دختر از جلوش رد شن سر بالا نمکنه، إقه چَش پاکه, خلاصه پسرت این قدر چشم  پاک است که اگر تعداد زیادی زن و دختر از مقابلش رد شوند سرش را بالا نمی کند
بله خجه سلطون، الهی گل مورِت شه., بله خدیجه سلطان، الهی خوشبخت و عاقبت بخیر بشی
شیری که دادمش حلالش باشه., شیری که به او دادم حلال باشد
نمیدونید چقه خاطرمنا مُخواد, نمی دانید چقدر مرا دوست دارد
این چن روز حال نداریش داش دق مِکرد که من بیشتر زحمت مِکشم., این چند روز بی حالیش غصه می‌خورد که من چرا بیشتر زحمت می کشم
امروزم هر چی کردم در نره، رف., امروز هر کار کردم که بیرون نرود آخرش رفت
آخرش هنوز افتوآی ظهر و بعدازظهر خیلی گرمه, به خاطر اینکه هنوز آفتاب ظهر و بعد از ظهر خیلی گرم است
چن روز پیش که از در و دیوار آتیش مِباريد., چند روز پیش که هوا خیلی خیلی گرم بود.
من مُخواسم چن روز دیه تا آخر این ماه شهریور رعیتی تو خونه باشه و بخوابه تا جاي جا خوب بشه., من می خواستم چند روز دیگر تا آخر ماه شهریور در خانه بخوابد تا کاملا خوب شود.
مترسم دوباره ناخوش بشه, می ترسم دوباره بیمار شود
اووخ دیه من نمیدونم چه خاکی تو سرم بی ریزم, آخ دیگر من نمی دانم چه خاکی توی سرم بریزم
نا ننه، خدا نکنه! این پسر به این خوبی را خدا حفظش کنه. راسّی! اصن چش بود؟, نه ننه خدا نکند این پسر به این خوبی را خدا حفظش کنه راستی اصلا مشکلش چی بود
ننه زهرا، راسّی، غیر از این پسر که خدا خوبش کرده، بچه دیه ای نداشتی؟, ننه زهرا راستی، غیر از این پسر که خدا خوبش کرده است بچه دیگری نداشتی
نمیدونم، توُ و لرز مِکرد, نمی دانم تب و لرز می کرد
یَبار باهم رفتِم مريضخونه دولتی دکتر نُخسه داد, یک بار با هم رفتیم بیمارستان دولتی که دکتر نسخه داد
دواشا همونجا ایسوندم, داروهایش را همانجا گرفتم
اما پُسرم بد دوا هه و همه شا نخورد., اما پسرم بد دارو هست و همه آنها را نخورد
تا سوزناشا بیشتر نزد, فقط امپولهایش را زد
خوُدُم با جوشوندنی عناب و گل زوفا و ترنجبین و نَخوداب و شوربا بهترش کردم., خودم با جوشوندنی عناب و گل زوفا و ترنحبین و نخود آب و  آش شوربا درمانش کردم
چرا، خیلی پیشترا که بی پِم تو این محله يتا دختر دیه هم داشتم., چرا خیلی قبلتر از اینکه به این محل بیاییم یک دختر دیگر هم داشتم
اووَختا پیَر خدا بیامرزشون هم زنده بود, اون وقتها پدر خدا بیامرزشان هم زنده بود
اما نَمی دونم قسمت و خواسّ خدا چی چی بود که هم بچه و هم بابا پشت سر هم، بی اونیکه خیلی فاصله بشه، از جلو چشام پریدن و رفتن أو دنیا., اما نمی دانم قسمت و خواست خدا چی بود که هم بابا و هم بچه پشت سر هم بدون فاصله زیادی از دنیا رفتند
آخ! کاشکی من خودُم رفته بودم., آخ! ای کاش من خودم رفته بودم
اول فاطُک طوری رف که نگو و نپرس., اول فاطمه طوری از دنیا رفت که نگو و نپرس
پُر وختا یادم میاد و دلُم آتیش میگیره., خیلی وقتها یادم می آید و دلم آتش می گیرد
نگم بهتره، مِترسم شما هم ناراحت بِشد., نگویم بهتر است می ترسم شما هم ناراحت شوید
نا ننه، بگو که منم بشنواَم., نه ننه بگو که من هم بشنوم
در این هنگام سماور کنار اتاق شروع به شاه کشیدن کرد., در این هنگام سماور کنار اتاق شروع به قل زدن کرد
چش براتون مِگم، اما خوبه اول براتون چائی بی ریزم, چشم براتون می‌گویم اما خوب است اول برایتان چای بریزم
تا این چائی دم بکشه، برم یَخُرده تخمه گلُک دارم، براتون بیارم که بشکنِد., تا این چای دم بکشد بروم یک کمی تخمه آفتابگردان دارم برایتان بیاورم تا بشکنید
دلم بند شد بیبینم چطور شد اومدِد تو این محله و سر شووَر و بچت چی چی اومد؟, دل نگران شدم ببینم چطور شد که به این محله آمدید و چه بر سر  شوهر و بچه ات  آمد
خدا رحمت کنه پیر رضا را، او هم اوکَش بود و کاسیبیش بد نبود., خدا رحمت کند پدر رضا را که او هم آب حوض می کشید و کاسبیش بد نبود
تو یَکی دیه محله، تو یَکی دیه خونه زندگی مِکردم که بهتر از اینجا بود., در یک محله ی دیگر در یک خانه ی دیگر زندگی می کردم که از اینجا بهتر بود
صابخونه، بعض شما، آدم خیلی خوبی بود., صاحب خانه بهتر از شما نباشد  آدم  خوبی بود
من خودم چایی پیرپُسکه مُخورم، اما اگه شما شیرین مُخورډ، نبات ور دارِد, من خودم چایی تلخ می خورم اما اگر شما شیرین می‌خورید نبات بردارید
نا، منم مث خودت چایی شیرین دوس نَمِدارم., نه منم مثل شما چایی شیرین دوست ندارم
راسّی این نی تو تاخچه مال پسرته؟, راستی این نی روی تاقچه مال پسرت هست
بله، اما مِگن نی، زدنش حروم نیس. رضا هم گاهی وختا مزنه و شعر نوحه خونی هم بلده و باش مُوخونه, بله اما می‌گویند نی زدنش حرام نیست رضا هم گاهی وقتها نی می‌زند و شعر و نوحه خوانی هم بلد است که با آن  می خواند
ننه من مُخواسّم فقط بيدونم, ننه من می خواستم فقط بدانم
اگه بود، مِگفتم بره اُتُو اتاق و بزنه, اگر اینجا بود می گفتم برود داخل اتاق و بزند
اووخ، میدیدِد چقه خش مِزَنه و صداشَم خشه, آخ می دیدید چقدر قشنگ میزند و صدایش هم خوب است
برا نوحه خونی و نیزدن گاهی وقتا مِبرنش تو دسته و شَبی، او هم از بس با دین و دیونته، با دل و جون مِره., برای نوحه خوانی و نی زدن گاهی وقت ها او را به دسته های عزاداری می‌برند و او هم از بس با دین و ایمان است با طیب خاطر می‌رود
فاطک که پیدا شد، خرجون زیاد شد و منم مجبور شدم برم جُل شوري حق و همسایه و غيرا را بکنم تا خرج وبرجون یه جوری بی ذره., فاطمه که به دنیا آمد مخارجمان زیاد شد و من هم مجبور شدم بروم لباسشویی همسایه ها و غیره را بکنم تا خرج و مخارجمان یک جوری بگذرد
یه روز دسّ فاطکا که تازه سه چار سالُکش شده بود، گرفتم و بردم خونه یه تا همسایه چند تا خونه اوئد تَرُک که ماشالا، هَزار ماشالا، وضع خیلی خوبی داشتن., یک روز فاطمه که 3، 4 سالش بود دستش را گرفتم و بردم خانه یکی از همسایه ها که چند تا خانه آن طرف تر بود و هزار ماشاءالله وضع خوبی داشتند
آغاشون تجارت مِکرد و تو محله، همه به اونا مگفتن «اکبریا», آقاشون تاجر بود و در محله همه به آنها می گفتند( اکبریا)
خلاصه، با فاطک رفتم خونه اکبریا تا جل و رختاشونا بيشورم و تو جوشون او کشم., خلاصه با فاطمه رفتم خانه اکبریا که رخت و لباسشان را بشویم و در نهر آب،   آب بکشم
چند تا بچه هم قد و هم سال فاطُک اونجا بودن، اما اونا کجا و فاطک کجا! نمیدونید چه رخت و لباسایی برشون بود., چند تا بچه هم سن و سال فاطمه اونجا بوند اما آنها کجا و فاطمه کجا نمی دانی چه لباسهایی تن‌شان بود
بچم هی اونا را می دید و هی به خودش و رختاش نگاه مِکرد و آه مِکشید., بچه ام هی آنها را می‌دید و به خودش و لباس‌هایش نگاه می‌کرد و آه می کشید
من خواسّم  دسّشا بیگیرم با خودم ببرم اونجایی که رَخ مِشسّم که یه گوشه بود کنار حوض نارنجسّون., من خواستم دستهایش را بگیرم و با خودم ببرم   آنجایی که رخت می شستم که یک گوشه ای کنار حوض نارنجستان بود
يه دفه یتا بچه اومد جلو دسّ فاطکا گرفت و کشید که ببره با خودشون بازی کنه., یک دفعه یک بچه ای جلو آمد و دست فاطمه را گرفت و کشید که ببرد با خودشان بازی کند
من خواسّم بچَما کنار بکشم که يه تا بزرگترا گفتن بیذار بره با بچا بازی کنه؛, من خواستم بچه ام را کنار بکشم که یک بزرگتری گفت بگذار برود با بچه ها بازی کند
منم هِشتم بره و بعد ده، بیس تا که رخت اکبریا را که تو سبد بود ورداشتم و رفتم گوشه نارنجسّون و زودی شسّم و بعدش ورداشتم ببرم تو جوشون او بکشم., من هم گذاشتم برود و بعد از 10، 20 تا رخت اکبریا که توی سبد بود برداشتم و رفتم گوشه حوض نارنجستان و سریع شستم و بعد برداشتم ببرم تو نهر آب، آب بکشم
بچا تو حياط دمبال هم مِکردن و صدا خندهشون بلند بود., بچه ها توی حیاط دنبال هم می کردند و صدای خنده شان بلند بود
من مُخواسم بچما با خودُم ببرم تگ جو، اما بچای دیه نذاشتن و من رفتم تو جو, من می خواستم بچه خودم را با خودم داخل  جوی آب ببرم اما بچه های دیگر نگذاشتند و من توی جوی آب رفتم.
بچا رو پنجره روشنایی گاه جو که رو حیاط خونه بود مِدوئیدن و کَل بازیوک مکردن., بچه ها روی پنجره جوی آب که داخل حیاط بود می‌دویدند و دنبال بازی می کردند.
صدای ترق توروق پاشون که رو پنجره مُخورد، میومد. نَمیدونم چن تا تکه رخ أو کشیده بودم که به دفه صدا ترقسّی بلن شد و یه چیزی شَلپسّی اوفتید پایین., صدای ترق تروق پایشان که روی پنجره می خورد می آمد. نمی دانم چند تا تکه لباس آب کشیده بودم که یک دفعه صدای تلپی بلند شد و یک چیزی تلپی پایین افتاد
یه دفه دیدم چن تا زیر بالما گرفتن و دارن از راچونه جو بالام مبرن., یک دفعه دیدم چند نفر زیر بغلم را گرفتند و دارند از راه پله ی جوی آب من را بالا می‌برند
أوردنم بالا و رو حياط کنار تالار خونه نیشوندنم و یه تا پیاله چایی هشتن پهلوم و چن ریالی پول خرده هم رختن تو کشم، اما من کجا اعتنا به اینا داشتم., من را بالا آوردند و داخل حیاط کنار تالار خانه نشاندند و یک پیاله چایی کنارم گذاشتند  و چند ریال پول خرد هم توی دامنم ریختند اما من به اینها اعتنایی نداشتم
یه تا از مهمونای صابخونه یَکهو گفت: برد تو جو رختانونا بشمارد بی بینِد آب نداده باشه!, یکی از مهمانهای صاحب خانه یک دفعه گفت بروید داخل جوی آب لباسها را بشمارید ببینید لباسها را به آب نداده باشد (چون کارش رو ول کرده بود میگه ببینید لباسها را آب نبرده باشه )
یکی دیه گفت، اول نعش دخترکا ببرد جُر هُر که اونجا نمونه., یکی دیگر گفت اول جنازه دخترک را ببرید قبرستان که انجا نماند
هرچی طبیب، دوا کردم افاقه نکرد و دُرُس یه ماه بعدش مث مرغ از جلو چشام پرید, هر چی دکتر بردم و درمان کردم فایده ای نداشت و درست یک ماه بعدش مثل مرغ از جلوی چشمانم پرید
و من موندم و رضُکُم که تازه ملا رفته بود و آرزوم بود یه چیزی بشه و سوادموات کنه، اما او دیه ملا نرفت و گفت باس به تو کمک کنم., و من و رضایم موندم که تازه مکتب رفته بود و آرزوم این بود که یک کاره ای بشود و سواد یاد بگیرد اما او دیگر مکتب نرفت و گفت باید به تو کمک کنم
رف شاگردی، مسگری، قلینگری، آهنگری و آخرش هیچ جا نموند و مث پیر خدا بیامرزش، اوکش شد., رفت شاگردی، مسگری، سفید گری قلع، مثل پدر خدا بیامرزش آب حوض کش شد
بيذارِد بی بینم نَخوداب شورباشا خورده و رفته یا نه؟, بگذارید ببینم نخود آب و آش شوربا یش را خورده و رفته یا نه
ننه، خونه نَمی یِد؟, ننه خانه نمی آیید
امروز اُوفتو کُدو را دراومده که شما و بی بی فاطمه ما را سرافراز کردِد., امروز آفتاب از کدام طرف در آمده که شما و بی بی فاطمه ما را خوشحال کردید
چایی تا بخور و برو سری به دیک و کاسه بزن. من زودی میام که با هم شوم شبا دُرُس کُنِم., چایت را  بخور و برو یک سر به قابلمه ات بزن من زود می ایم که با هم برای شام شوربا درست کنیم
خجه سلطون بیگم، هزار ماشالا، فاطمه بی بی شما چه بزرگ و جُوئون شده. آیا فکری برا عاروسیش کرد؟, خدیجه سلطان یگویم، ماشاالله فاطمه چه بزرگ و خوشگل شده است. آیا فکری برای عروس شدنش کرده ای؟
بله ننه زهرا، مَگه چِشه؟ كاسب نیس، خُو هه؛ باخدا نیس، خُو هه؛ ایه چونی که گفتی هم که خیلی بامحبته با تو خیلی خوب رفتار مُکنه., بله ننه زهرا، مگر چه مشکلی دارد؟ کاسب نیست خب هست؛ مومن نیست که هست؛ این طوری که گفتی خیلی هم با محبت است و با تو خیلی خوب رفتار می کند.
نا، ننه ما نَمِخِم بار، بار کسی بُکنم. دس بالا نگیر., نه ننه ما نمی خواهیم زحمت برای کسی درست کنیم. سخت نگیر
پُری جار و جنجال نَمِخم بشه., جار و جنجال زیاد ی هم نمی خواهیم شود
